,2,2015,CI,6,Each,1,6,600.00
,2,2015,CU,"1,000",Pack 1000,"1,000","1,000,000",1140.00
,2,2015,GH,1,Each,1,1,1168.00
,2,2015,GW,1,Each,1,1,9377.85
,2,2015,GT,"22,000",Each,1,"22,000",220.00
,2,2015,HN,"69,450",Each,1,"69,450",32710.95
,2,2015,IR,"192,000",Each,1,"192,000",1536.00
,2,2015,LA,"59,040",Each,1,"59,040",106272.00
,2,2015,LA,"15,550",Gross,144,"2,239,200",1849.40
,2,2015,MZ,2,Gross,144,288,13300.00
,2,2015,MW,1,Gross,144,144,7290.00
,2,2015,PY,"453,440",Each,1,"453,440",22672.00
,2,2015,SL,"18,000",Each,1,"18,000",48593.93
,2,2015,TD,2,Each,1,2,45211.70
,2,2015,US,1,Each,1,1,3100.00
,3,2015,AF,"47,040",Cycles,1,"47,040",12700.80
,3,2015,AO,"60,000",Cycles,1,"60,000",16200.00
,3,2015,AL,"60,000",Cycles,1,"60,000",16200.00
,3,2015,BI,"380,922",Cycles,1,"380,922",102848.94
,3,2015,BJ,"370,607",Cycles,1,"370,607",100063.89
,3,2015,BF,"2,528,721",Cycles,1,"2,528,721",541137.87
,3,2015,BS,"25,002",Cycles,1,"25,002",6750.54
,3,2015,BZ,"79,200",Cycles,1,"79,200",21384.00
,3,2015,CF,"263,738",Cycles,1,"263,738",73815.66
,3,2015,CI,"592,560",Cycles,1,"592,560",159991.20
,3,2015,CD,"649,455",Cycles,1,"649,455",171957.69
,3,2015,KM,"35,001",Cycles,1,"35,001",9450.27
,3,2015,CV,"38,577",Cycles,1,"38,577",10415.79
,3,2015,DJ,"59,999",Cycles,1,"59,999",16199.73
,3,2015,DO,"40,002",Cycles,1,"40,002",10800.54
,3,2015,EC,"840,000",Cycles,1,"840,000",226800.00
,3,2015,ER,"108,000",Cycles,1,"108,000",29160.00
,3,2015,FJ,"38,184",Cycles,1,"38,184",10309.68
,3,2015,GB,"78,480",Cycles,1,"78,480",21189.60
,3,2015,GH,"600,303",Cycles,1,"600,303",162081.81
,3,2015,GN,"200,880",Cycles,1,"200,880",54237.60
,3,2015,GM,"120,240",Cycles,1,"120,240",32464.80
,3,2015,GW,"34,200",Cycles,1,"34,200",17615.34
,3,2015,GQ,606,Cycles,1,606,424.64
,3,2015,GT,"300,000",Cycles,1,"300,000",81000.00
,3,2015,HN,"3,396,465",Cycles,1,"3,396,465",917045.55
,3,2015,HT,"161,541",Cycles,1,"161,541",43616.07
,3,2015,JM,"219,999",Cycles,1,"219,999",59399.73
,3,2015,KE,"44,999",Cycles,1,"44,999",14266.23
,3,2015,KH,"3,024,880",Cycles,1,"3,024,880",628000.41
,3,2015,LA,"1,530,000",Cycles,1,"1,530,000",413100.00
,3,2015,LB,"105,000",Cycles,1,"105,000",28350.00
,3,2015,LR,"301,140",Cycles,1,"301,140",81307.80
,3,2015,LS,"113,470",Cycles,1,"113,470",30636.90
,3,2015,MG,"595,605",Cycles,1,"595,605",160813.35
,3,2015,ML,"846,457",Cycles,1,"846,457",228966.69
,3,2015,MM,"361,740",Cycles,1,"361,740",97669.80
,3,2015,MW,"552,795",Cycles,1,"552,795",149254.65
,3,2015,MY,"27,069",Cycles,1,"27,069",7308.63
,3,2015,NE,"1,384,500",Cycles,1,"1,384,500",373815.00
,3,2015,NG,"1,622,814",Cycles,1,"1,622,814",438159.78
,3,2015,NP,"304,779",Cycles,1,"304,779",80130.33
,3,2015,PH,"10,001",Cycles,1,"10,001",4816.77
,3,2015,PG,"4,899",Cycles,1,"4,899",1322.73
,3,2015,RW,"126,000",Cycles,1,"126,000",34020.00
,3,2015,SD,"2,065,500",Cycles,1,"2,065,500",1411356.15
,3,2015,SN,"1,277,280",Cycles,1,"1,277,280",344865.60
,3,2015,SL,"780,000",Cycles,1,"780,000",167700.00
,3,2015,SV,"46,343",Cycles,1,"46,343",32129.60
,3,2015,SO,"125,280",Cycles,1,"125,280",33825.60
,3,2015,SS,"117,402",Cycles,1,"117,402",31698.54
,3,2015,ST,"65,500",Cycles,1,"65,500",17685.00
,3,2015,SC,"28,902",Cycles,1,"28,902",9200.43
,3,2015,TG,"234,900",Cycles,1,"234,900",63423.00
,3,2015,TJ,"270,000",Cycles,1,"270,000",72900.00
,3,2015,TM,"21,600",Cycles,1,"21,600",5832.00
,3,2015,TL,"79,900",Cycles,1,"79,900",21573.00
,3,2015,UG,"159,963",Cycles,1,"159,963",43190.01
,3,2015,US,"130,000",Cycles,1,"130,000",35100.00
,3,2015,YE,"41,880",Cycles,1,"41,880",11764.76
,4,2015,BI,"28,498",Pack 2,2,"56,996",5699.60
,4,2015,BJ,"9,160",Pack,1,"9,160",6045.60
,4,2015,BS,900,Pack,1,900,234.00
,4,2015,BO,960,Pack,1,960,633.60
,4,2015,CF,240,Pack,1,240,158.40
,4,2015,CI,"3,120",Pack,1,"3,120",2059.20
,4,2015,CM,"100,320",Pack,1,"100,320",66211.20
,4,2015,CD,"128,400",Pack,1,"128,400",84744.00
,4,2015,CO,"1,000",Pack 2,2,"2,000",200.00
,4,2015,CU,"120,600",Pack,1,"120,600",31356.00
,4,2015,DJ,"1,200",Pack,1,"1,200",792.00
,4,2015,DO,"66,000",Pack 2,2,"132,000",13200.00
,4,2015,EC,"130,000",Pack,1,"130,000",318500.00
,4,2015,ER,"8,640",Pack 2,2,"17,280",1728.00
,4,2015,ET,"49,310",Pack,1,"49,310",12820.60
,4,2015,FJ,"1,680",Pack,1,"1,680",1108.80
,4,2015,GH,"25,560",Pack,1,"25,560",16869.60
,4,2015,GN,240,Pack,1,240,158.40
,4,2015,GM,"7,680",Pack,1,"7,680",5068.80
,4,2015,GW,"10,800",Pack,1,"10,800",7128.00
,4,2015,GQ,"1,600",Pack 2,2,"3,200",320.00
,4,2015,LA,960,Pack,1,960,633.60
,4,2015,LB,"2,100",Pack 100,100,"210,000",9261.00
,4,2015,LB,"2,500",Pack 2,2,"5,000",500.00
,4,2015,LS,"3,120",Pack,1,"3,120",2059.20
,4,2015,MV,"1,000",Pack 2,2,"2,000",200.00
,4,2015,ML,720,Pack,1,720,475.20
,4,2015,MM,"60,000",Pack,1,"60,000",39600.00
,4,2015,MM,500,Pack 2,2,"1,000",100.00
,4,2015,NG,"60,000",Pack 2,2,"120,000",12000.00
,4,2015,NP,"51,840",Pack,1,"51,840",34214.40
,4,2015,PG,"3,120",Pack,1,"3,120",2059.20
,4,2015,PY,"8,160",Pack,1,"8,160",5385.60
,4,2015,PY,"13,440",Pack 2,2,"26,880",2688.00
,4,2015,RW,"2,400",Pack,1,"2,400",1584.00
,4,2015,SL,"44,340",Pack,1,"44,340",12379.20
,4,2015,SS,"1,440",Pack,1,"1,440",950.40
,4,2015,SS,"10,000",Pack 2,2,"20,000",2000.00
,4,2015,SC,240,Pack,1,240,158.40
,4,2015,TG,"11,040",Pack,1,"11,040",7286.40
,4,2015,TZ,900,Pack,1,900,234.00
,4,2015,TZ,"63,200",Pack 2,2,"126,400",12640.00
,4,2015,UY,"18,000",Pack,1,"18,000",4680.00
,4,2015,US,"443,700",Pack,1,"443,700",110925.00
,4,2015,ZM,"14,100",Pack,1,"14,100",2820.00
,5,2015,BI,"200,000",Each,1,"200,000",105400.00
,5,2015,CM,"3,335,000",Each,1,"3,335,000",1580545.00
,5,2015,CD,"646,000",Each,1,"646,000",340442.00
,5,2015,CU,"10,000",Each,1,"10,000",3500.00
,5,2015,GH,"597,000",Each,1,"597,000",3500.00
,5,2015,GQ,"2,000",Each,1,"2,000",700.00
,5,2015,GT,"22,000",Each,1,"22,000",11924.00
,5,2015,IR,"384,000",Each,1,"384,000",202368.00
,5,2015,KE,"700,000",Each,1,"700,000",368900.00
,5,2015,ML,"43,244",Each,1,"43,244",15135.40
,5,2015,MM,"10,000",Each,1,"10,000",3500.00
,5,2015,MZ,"1,350,000",Each,1,"1,350,000",711450.00
,5,2015,MW,"600,000",Each,1,"600,000",316200.00
,5,2015,NG,"750,000",Each,1,"750,000",351000.00
,5,2015,SL,"2,000",Each,1,"2,000",700.00
,5,2015,TG,"223,000",Each,1,"223,000",117521.00
,5,2015,UG,"1,500,000",Each,1,"1,500,000",790500.00
,5,2015,US,"2,810,000",Each,1,"2,810,000",1461600.00
,5,2015,ZM,"1,548,000",Each,1,"1,548,000",710923.00
,6,2015,AF,"19,000",Each,1,"19,000",1520.00
,6,2015,AF,"19,000",Vial,1,"19,000",13680.00
,6,2015,AO,"270,000",Each,1,"270,000",21600.00
,6,2015,AO,"270,000",Vial,1,"270,000",194400.00
,6,2015,AL,"20,000",Ampoule,1,"20,000",23000.00
,6,2015,AL,"20,000",Each,1,"20,000",1800.00
,6,2015,BI,"1,382,600",Each,1,"1,382,600",110608.00
,6,2015,BI,"1,382,600",Vial,1,"1,382,600",995472.00
,6,2015,BJ,"99,000",Ampoule,1,"99,000",113850.00
,6,2015,BJ,"99,000",Each,1,"99,000",8910.00
,6,2015,BF,"669,000",Each,1,"669,000",316520.00
,6,2015,BF,"269,000",Vial,1,"269,000",193680.00
,6,2015,BS,"11,000",Ampoule,1,"11,000",10850.00
,6,2015,BS,"27,000",Vial,1,"27,000",29700.00
,6,2015,BZ,"12,200",Ampoule,1,"12,200",14030.00
,6,2015,BZ,"78,000",Each,1,"78,000",6362.00
,6,2015,BZ,"65,800",Vial,1,"65,800",52640.00
,6,2015,BT,"111,000",Each,1,"111,000",8880.00
,6,2015,BT,"111,000",Vial,1,"111,000",79920.00
,6,2015,CF,"4,500",Ampoule,1,"4,500",4725.00
,6,2015,CF,"36,400",Each,1,"36,400",2942.00
,6,2015,CF,"33,400",Vial,1,"33,400",24048.00
,6,2015,CI,"412,000",Each,1,"412,000",412000.00
,6,2015,CM,"10,000",Each,1,"10,000",10000.00
,6,2015,CD,"129,000",Ampoule,1,"129,000",148350.00
,6,2015,CD,"1,037,400",Each,1,"1,037,400",422842.00
,6,2015,CD,"540,400",Vial,1,"540,400",392320.00
,6,2015,CG,"116,000",Each,1,"116,000",9280.00
,6,2015,CG,"116,000",Vial,1,"116,000",83520.00
,6,2015,KM,"78,400",Ampoule,1,"78,400",91660.00
,6,2015,KM,"68,400",Each,1,"68,400",6156.00
,6,2015,CV,"64,200",Each,1,"64,200",5136.00
,6,2015,CV,"72,975",Vial,1,"72,975",52542.00
,6,2015,CR,"7,000",Ampoule,1,"7,000",5950.00
,6,2015,CR,"7,000",Each,1,"7,000",630.00
,6,2015,CU,"51,900",Ampoule,1,"51,900",59685.00
,6,2015,DJ,"10,000",Each,1,"10,000",10000.00
,6,2015,DJ,"30,000",Vial,1,"30,000",21600.00
,6,2015,EC,"1,046,700",Each,1,"1,046,700",2878425.00
,6,2015,ER,"100,000",Each,1,"100,000",8000.00
,6,2015,ER,"100,000",Vial,1,"100,000",72000.00
,6,2015,FJ,"10,000",Each,1,"10,000",800.00
,6,2015,FJ,"10,000",Vial,1,"10,000",7200.00
,6,2015,GA,"9,600",Each,1,"9,600",768.00
,6,2015,GA,"9,600",Vial,1,"9,600",6912.00
,6,2015,GB,"201,000",Each,1,"201,000",16080.00
,6,2015,GB,"201,000",Vial,1,"201,000",144720.00
,6,2015,GH,"373,200",Ampoule,1,"373,200",317220.00
,6,2015,GH,"1,095,600",Each,1,"1,095,600",91380.00
,6,2015,GH,"722,400",Vial,1,"722,400",520128.00
,6,2015,GN,"70,000",Each,1,"70,000",5600.00
,6,2015,GN,"70,000",Vial,1,"70,000",50400.00
,6,2015,GM,"65,000",Ampoule,1,"65,000",59750.00
,6,2015,GW,"2,500",Ampoule,1,"2,500",2875.00
,6,2015,GW,"32,500",Each,1,"32,500",7225.00
,6,2015,GW,"25,000",Vial,1,"25,000",18000.00
,6,2015,GT,"795,000",Ampoule,1,"795,000",816750.00
,6,2015,GT,"1,335,025",Vial,1,"1,335,025",1075218.00
,6,2015,HN,"2,187,000",Each,1,"2,187,000",174960.00
,6,2015,HN,"2,266,000",Vial,1,"2,266,000",1862500.00
,6,2015,HT,"421,400",Each,1,"421,400",33712.00
,6,2015,HT,"421,400",Vial,1,"421,400",303408.00
,6,2015,JM,"282,000",Each,1,"282,000",22560.00
,6,2015,JM,"282,000",Vial,1,"282,000",282000.00
,6,2015,KE,"5,000",Ampoule,1,"5,000",5750.00
,6,2015,KE,"48,000",Each,1,"48,000",3890.00
,6,2015,KE,"43,000",Vial,1,"43,000",30960.00
,6,2015,KG,"40,000",Each,1,"40,000",3200.00
,6,2015,KG,"40,000",Vial,1,"40,000",28800.00
,6,2015,KH,"200,000",Each,1,"200,000",16000.00
,6,2015,KH,"200,000",Vial,1,"200,000",144000.00
,6,2015,LA,"333,000",Each,1,"333,000",29400.00
,6,2015,LA,"330,000",Vial,1,"330,000",237600.00
,6,2015,LB,600,Each,1,600,48.00
,6,2015,LB,600,Vial,1,600,432.00
,6,2015,LK,"300,000",Each,1,"300,000",15000.00
,6,2015,LK,"300,000",Vial,1,"300,000",330000.00
,6,2015,LS,"10,700",Ampoule,1,"10,700",12305.00
,6,2015,LS,"22,100",Each,1,"22,100",1875.00
,6,2015,LS,"11,400",Vial,1,"11,400",9500.00
,6,2015,MG,"15,200",Ampoule,1,"15,200",17480.00
,6,2015,MG,"2,024,000",Each,1,"2,024,000",622072.00
,6,2015,MG,"1,508,800",Vial,1,"1,508,800",1086336.00
,6,2015,MV,800,Each,1,800,64.00
,6,2015,MV,800,Vial,1,800,640.00
,6,2015,ML,"337,800",Each,1,"337,800",27024.00
,6,2015,ML,"337,800",Vial,1,"337,800",243216.00
,6,2015,MM,"1,804,200",Each,1,"1,804,200",144336.00
,6,2015,MM,"1,804,200",Vial,1,"1,804,200",1307360.00
,6,2015,MN,"60,000",Each,1,"60,000",4800.00
,6,2015,MN,"60,000",Vial,1,"60,000",48000.00
,6,2015,MZ,"2,380,800",Each,1,"2,380,800",586800.00
,6,2015,MZ,"1,950,000",Vial,1,"1,950,000",1404000.00
,6,2015,MR,"41,200",Each,1,"41,200",3296.00
,6,2015,MR,"41,200",Vial,1,"41,200",29664.00
,6,2015,MW,"2,005,600",Each,1,"2,005,600",160448.00
,6,2015,MW,"2,005,600",Vial,1,"2,005,600",1444032.00
,6,2015,MY,"1,000",Each,1,"1,000",80.00
,6,2015,MY,"1,000",Vial,1,"1,000",800.00
,6,2015,NE,"820,800",Each,1,"820,800",120848.00
,6,2015,NE,"710,600",Vial,1,"710,600",511632.00
,6,2015,NG,"2,601,600",Ampoule,1,"2,601,600",2991840.00
,6,2015,NG,"4,529,200",Each,1,"4,529,200",395712.00
,6,2015,NG,"1,919,500",Vial,1,"1,919,500",1378040.00
,6,2015,NI,"4,000",Ampoule,1,"4,000",3400.00
,6,2015,NP,"67,000",Each,1,"67,000",5360.00
,6,2015,NP,"1,067,000",Vial,1,"1,067,000",768240.00
,6,2015,PG,"10,600",Each,1,"10,600",848.00
,6,2015,PG,"10,600",Vial,1,"10,600",7632.00
,6,2015,PY,"440,000",Each,1,"440,000",35200.00
,6,2015,PY,"440,000",Vial,1,"440,000",484000.00
,6,2015,RW,"4,700",Ampoule,1,"4,700",5075.00
,6,2015,RW,"686,800",Each,1,"686,800",54980.00
,6,2015,RW,"683,200",Vial,1,"683,200",491904.00
,6,2015,SD,"474,200",Each,1,"474,200",37936.00
,6,2015,SD,"474,200",Vial,1,"474,200",312972.00
,6,2015,SN,"1,294,000",Each,1,"1,294,000",594800.00
,6,2015,SN,"760,000",Vial,1,"760,000",547200.00
,6,2015,SL,"6,000",Ampoule,1,"6,000",6900.00
,6,2015,SL,"256,000",Each,1,"256,000",20540.00
,6,2015,SL,"250,000",Vial,1,"250,000",180000.00
,6,2015,SV,"36,000",Ampoule,1,"36,000",30600.00
,6,2015,SV,"54,700",Vial,1,"54,700",43760.00
,6,2015,SO,"125,000",Each,1,"125,000",10000.00
,6,2015,SO,"125,000",Vial,1,"125,000",90000.00
,6,2015,SS,"71,400",Each,1,"71,400",5712.00
,6,2015,SS,"89,350",Vial,1,"89,350",64872.00
,6,2015,ST,"9,400",Each,1,"9,400",752.00
,6,2015,ST,"9,400",Vial,1,"9,400",6768.00
,6,2015,SC,"10,800",Ampoule,1,"10,800",12420.00
,6,2015,SC,"10,800",Each,1,"10,800",972.00
,6,2015,TG,"38,000",Ampoule,1,"38,000",43700.00
,6,2015,TG,"495,400",Each,1,"495,400",40012.00
,6,2015,TG,"457,400",Vial,1,"457,400",329328.00
,6,2015,TJ,"90,000",Each,1,"90,000",7200.00
,6,2015,TJ,"90,000",Vial,1,"90,000",64800.00
,6,2015,TL,"240,000",Each,1,"240,000",19200.00
,6,2015,TL,"240,000",Vial,1,"240,000",172800.00
,6,2015,TR,"30,000",Ampoule,1,"30,000",25500.00
,6,2015,TR,"30,000",Each,1,"30,000",2700.00
,6,2015,TZ,"3,335,200",Each,1,"3,335,200",266816.00
,6,2015,TZ,"3,335,200",Vial,1,"3,335,200",2401344.00
,6,2015,UG,"202,400",Each,1,"202,400",16192.00
,6,2015,UG,"202,400",Vial,1,"202,400",145728.00
,6,2015,YE,"7,800",Each,1,"7,800",624.00
,6,2015,YE,"7,800",Vial,1,"7,800",5616.00
,6,2015,ZM,"392,000",Ampoule,1,"392,000",450800.00
,6,2015,ZM,"469,400",Each,1,"469,400",41472.00
,6,2015,ZM,"77,400",Vial,1,"77,400",55728.00
,6,2015,ZW,"661,800",Each,1,"661,800",52944.00
,6,2015,ZW,"661,800",Vial,1,"661,800",476496.00
,7,2015,AF,"30,000",Pack,1,"30,000",10170.00
,7,2015,AL,"2,000",Pack,1,"2,000",640.00
,7,2015,BJ,"39,000",Pack,1,"39,000",13221.00
,7,2015,BF,"35,500",Pack,1,"35,500",12034.50
,7,2015,CF,368,Pack,1,368,126.59
,7,2015,CH,"8,000",Pack,1,"8,000",2752.00
,7,2015,CM,"15,000",Pack,1,"15,000",5160.00
,7,2015,CD,"7,222",Pack,1,"7,222",2383.26
,7,2015,CG,"10,000",Pack,1,"10,000",2500.00
,7,2015,CO,"1,000",Pack,1,"1,000",250.00
,7,2015,CV,"3,280",Pack,1,"3,280",1138.16
,7,2015,CU,"110,000",Pack,1,"110,000",36740.00
,7,2015,DJ,800,Pack,1,800,200.00
,7,2015,DO,"3,000",Pack,1,"3,000",1032.00
,7,2015,FJ,"3,000",Pack,1,"3,000",1041.00
,7,2015,GH,"33,050",Each,1,"33,050",11567.50
,7,2015,GH,"7,000",Pack,1,"7,000",2429.00
,7,2015,GN,"80,000",Pack,1,"80,000",20000.00
,7,2015,GW,"25,000",Pack,1,"25,000",6250.00
,7,2015,GT,"10,000",Pack,1,"10,000",3440.00
,7,2015,HN,"94,000",Pack,1,"94,000",31540.00
,7,2015,HT,"4,000",Pack,1,"4,000",1000.00
,7,2015,KE,"70,000",Pack,1,"70,000",23730.00
,7,2015,KH,"20,000",Pack,1,"20,000",5000.00
,7,2015,LA,"32,000",Pack,1,"32,000",10464.00
,7,2015,LB,"39,250",Pack,1,"39,250",12280.00
,7,2015,MG,"35,996",Pack,1,"35,996",12202.64
,7,2015,ML,"32,493",Pack,1,"32,493",11219.89
,7,2015,MM,"57,900",Pack,1,"57,900",14559.60
,7,2015,MZ,"44,000",Pack,1,"44,000",14388.00
,7,2015,MW,"15,000",Pack,1,"15,000",5205.00
,7,2015,MY,300,Pack,1,300,103.20
,7,2015,NE,"10,425",Pack,1,"10,425",3586.20
,7,2015,NG,"5,000",Pack,1,"5,000",1250.00
,7,2015,PH,"4,000",Pack,1,"4,000",1388.00
,7,2015,PG,"3,694",Pack,1,"3,694",923.50
,7,2015,SD,"2,720",Pack,1,"2,720",680.00
,7,2015,SL,"51,500",Pack,1,"51,500",16840.50
,7,2015,SV,"12,900",Each,1,"12,900",3225.00
,7,2015,SV,"6,815",Pack,1,"6,815",1703.75
,7,2015,SO,"28,000",Pack,1,"28,000",7000.00
,7,2015,SS,"12,300",Pack,1,"12,300",3075.00
,7,2015,SC,120,Pack,1,120,41.28
,7,2015,TL,"2,000",Pack,1,"2,000",688.00
,7,2015,TR,"40,000",Pack,1,"40,000",13760.00
,7,2015,TZ,"151,294",Pack,1,"151,294",49510.54
,7,2015,UG,"230,000",Pack,1,"230,000",57500.00
,7,2015,ZM,"49,800",Pack,1,"49,800",13672.00
,8,2015,CM,2,Each,1,2,1490.00
,8,2015,EC,4,Lot,1,4,29469.60
,8,2015,GW,6,Each,1,6,2250.00
,8,2015,GT,1,Batch,1,1,5466.60
,8,2015,KZ,1,Each,1,1,1360.00
,8,2015,LB,1,Each,1,1,700.00
,8,2015,MG,1,Each,1,1,5674.00
,8,2015,MN,1,Each,1,1,1011.92
,8,2015,NG,4,Each,1,4,38487.69
,8,2015,SD,1,Each,1,1,2884.50
,8,2015,SV,6,Each,1,6,1020.00
,8,2015,UG,1,Each,1,1,5500.00
,8,2015,ZW,1,Each,1,1,252.98
,9,2015,BJ,270,Pack 1000,"1,000","270,000",6093.90
,9,2015,BZ,10,Pack 1000,"1,000","10,000",563.40
,9,2015,BT,6,Pack 1000,"1,000","6,000",360.00
,9,2015,CI,"118,250",Each,1,"118,250",82775.00
,9,2015,CM,91,Pack 1000,"1,000","91,000",2053.87
,9,2015,CD,"2,154",Pack 1000,"1,000","2,154,000",48615.78
,9,2015,CR,402,Pack 1000,"1,000","402,000",24120.00
,9,2015,CU,"1,000",Pack 1000,"1,000","1,000,000",50706.00
,9,2015,FJ,29,Pack 1000,"1,000","29,000",1633.86
,9,2015,GN,20,Pack 1000,"1,000","20,000",451.40
,9,2015,HT,25,Pack 1000,"1,000","25,000",564.25
,9,2015,KG,734,Pack 1000,"1,000","734,000",16566.38
,9,2015,KH,"1,348",Pack 1000,"1,000","1,348,000",30424.36
,9,2015,MG,505,Pack 1000,"1,000","505,000",11397.85
,9,2015,MM,837,Pack 1000,"1,000","837,000",50220.00
,9,2015,MN,148,Pack 1000,"1,000","148,000",3639.80
,9,2015,NG,"1,000",Pack 1000,"1,000","1,000,000",41285.00
,9,2015,PK,"3,309",Pack 1000,"1,000","3,309,000",156184.80
,9,2015,PG,288,Pack 1000,"1,000","288,000",6500.16
,9,2015,SL,296,Pack 1000,"1,000","296,000",17760.00
,9,2015,TG,115,Pack 1000,"1,000","115,000",2595.55
,9,2015,TJ,"3,000",Pack 1000,"1,000","3,000,000",67710.00
,9,2015,ZW,490,Pack 1000,"1,000","490,000",29400.00
,10,2015,AF,"4,950",Gross,144,"712,800",20047.50
,10,2015,AM,"11,500",Gross,144,"1,656,000",43700.00
,10,2015,AZ,"13,889",Gross,144,"2,000,016",51944.86
,10,2015,BF,"87,000",Gross,144,"12,528,000",304500.00
,10,2015,BA,"5,280",Gross,144,"760,320",12276.00
,10,2015,BZ,"6,000",Gross,144,"864,000",25800.00
,10,2015,BT,"11,000",Gross,144,"1,584,000",40700.00
,10,2015,CI,"12,000",Gross,144,"1,728,000",51864.00
,10,2015,CM,"108,300",Gross,144,"15,595,200",379330.00
,10,2015,CD,"322,197",Gross,144,"46,396,368",1136262.10
,10,2015,CG,"48,610",Gross,144,"6,999,840",181801.40
,10,2015,CR,"2,000",Gross,144,"288,000",8940.00
,10,2015,CU,"26,838",Gross,144,"3,864,672",106010.10
,10,2015,EC,"151,159",Gross,144,"21,766,896",525653.91
,10,2015,FJ,"10,000",Gross,144,"1,440,000",38000.00
,10,2015,GH,"228,465",Gross,144,"32,898,960",948129.75
,10,2015,GN,"70,000",Gross,144,"10,080,000",261800.00
,10,2015,GW,"18,505",Gross,144,"2,664,720",78187.21
,10,2015,GQ,"7,000",Gross,144,"1,008,000",27790.00
,10,2015,HN,"69,450",Gross,144,"10,000,800",316275.30
,10,2015,HT,"161,150",Gross,144,"23,205,600",580140.00
,10,2015,IR,"24,938",Gross,144,"3,591,072",92718.80
,10,2015,KZ,"31,052",Gross,144,"4,471,488",61638.22
,10,2015,KE,"373,396",Gross,144,"53,769,024",1456244.40
,10,2015,KG,"10,606",Gross,144,"1,527,264",41810.50
,10,2015,KH,"39,795",Gross,144,"5,730,480",161076.00
,10,2015,XK,"20,838",Gross,144,"3,000,672",52407.60
,10,2015,LA,"74,590",Gross,144,"10,740,960",302279.50
,10,2015,LR,"44,870",Gross,144,"6,461,280",193928.14
,10,2015,MV,825,Gross,144,"118,800",3960.00
,10,2015,ML,"30,125",Gross,144,"4,338,000",112968.75
,10,2015,MM,"89,359",Gross,144,"12,867,696",339074.87
,10,2015,MN,"7,950",Gross,144,"1,144,800",29415.00
,10,2015,MZ,"95,000",Gross,144,"13,680,000",420582.56
,10,2015,MW,"309,073",Gross,144,"44,506,512",1105262.95
,10,2015,NG,"686,657",Gross,144,"98,878,608",2756493.75
,10,2015,NL,"36,000",Gross,144,"5,184,000",135000.00
,10,2015,PY,"10,496",Gross,144,"1,511,424",44817.92
,10,2015,RW,"32,250",Gross,144,"4,644,000",139384.50
,10,2015,SL,"55,005",Gross,144,"7,920,720",282085.65
,10,2015,SV,"11,100",Gross,144,"1,598,400",42180.00
,10,2015,SS,"47,230",Gross,144,"6,801,120",201672.10
,10,2015,TG,"22,000",Gross,144,"3,168,000",84700.00
,10,2015,TH,150,Gross,144,"21,600",1027.50
,10,2015,TJ,"130,642",Gross,144,"18,812,448",332150.37
,10,2015,UG,"73,334",Gross,144,"10,560,096",283802.58
,10,2015,US,"950,000",Gross,144,"136,800,000",3704525.00
,10,2015,ZM,"173,850",Gross,144,"25,034,400",678015.00
,10,2015,ZW,1,Each,1,1,0.00
,10,2015,ZW,"12,495",Gross,144,"1,799,280",8894.53
,11,2015,AF,"13,920",Cycles,1,"13,920",4176.00
,11,2015,AO,"110,001",Cycles,1,"110,001",33000.30
,11,2015,AL,"15,000",Cycles,1,"15,000",4500.00
,11,2015,BI,"111,108",Cycles,1,"111,108",33332.40
,11,2015,BJ,"93,000",Cycles,1,"93,000",27900.00
,11,2015,BF,"5,001",Cycles,1,"5,001",1500.30
,11,2015,CF,"21,440",Cycles,1,"21,440",8698.00
,11,2015,CM,"29,079",Cycles,1,"29,079",8723.70
,11,2015,CD,"504,324",Cycles,1,"504,324",151297.20
,11,2015,DJ,"20,000",Cycles,1,"20,000",6000.00
,11,2015,DO,"28,002",Cycles,1,"28,002",8400.60
,11,2015,EC,"200,001",Cycles,1,"200,001",60000.30
,11,2015,FJ,"43,875",Cycles,1,"43,875",13162.50
,11,2015,GN,"80,400",Cycles,1,"80,400",24120.00
,11,2015,GM,"21,600",Cycles,1,"21,600",6480.00
,11,2015,GW,"28,440",Cycles,1,"28,440",8532.00
,11,2015,HT,"40,218",Cycles,1,"40,218",12065.40
,11,2015,KE,"26,001",Cycles,1,"26,001",7800.30
,11,2015,KH,"99,999",Cycles,1,"99,999",29999.70
,11,2015,LB,"29,400",Cycles,1,"29,400",8820.00
,11,2015,LR,"94,878",Cycles,1,"94,878",28463.40
,11,2015,LS,"6,543",Cycles,1,"6,543",1962.90
,11,2015,ML,"62,776",Cycles,1,"62,776",19081.40
,11,2015,MR,"84,384",Cycles,1,"84,384",25315.20
,11,2015,NE,"404,262",Cycles,1,"404,262",121278.60
,11,2015,NG,"791,388",Cycles,1,"791,388",284290.65
,11,2015,PH,"10,000",Cycles,1,"10,000",4133.00
,11,2015,PG,"2,100",Cycles,1,"2,100",630.00
,11,2015,RW,"98,640",Cycles,1,"98,640",29592.00
,11,2015,SD,"1,786,368",Cycles,1,"1,786,368",714547.20
,11,2015,SN,"116,640",Cycles,1,"116,640",34992.00
,11,2015,SL,"234,000",Cycles,1,"234,000",70200.00
,11,2015,SO,"82,080",Cycles,1,"82,080",24624.00
,11,2015,SS,"12,300",Cycles,1,"12,300",3690.00
,11,2015,ST,500,Cycles,1,500,150.00
,11,2015,SC,"9,820",Cycles,1,"9,820",2946.00
,11,2015,TG,"26,572",Cycles,1,"26,572",10982.21
,11,2015,TZ,"10,199",Cycles,1,"10,199",3059.70
,11,2015,UG,"58,896",Cycles,1,"58,896",17668.80
,11,2015,YE,"24,400",Cycles,1,"24,400",7320.00
,11,2015,ZM,"93,765",Cycles,1,"93,765",28129.50
,12,2015,AF,1,Each,1,1,1265.00
,12,2015,AM,1,Each,1,1,495.00
,12,2015,AZ,1,Each,1,1,310.00
,12,2015,BI,1,Each,1,1,525.00
,12,2015,BA,1,Each,1,1,495.00
,12,2015,BZ,5,Each,1,5,1060.00
,12,2015,BT,2,Each,1,2,760.00
,12,2015,CI,5,Each,1,5,1330.00
,12,2015,CM,6,Each,1,6,5565.00
,12,2015,CD,92,Each,1,92,41710.00
,12,2015,CR,1,Lot,1,1,600.00
,12,2015,CU,2,Each,1,2,395.00
,12,2015,DJ,1,Each,1,1,400.00
,12,2015,ET,1,Each,1,1,1260.00
,12,2015,FJ,1,Each,1,1,450.00
,12,2015,GH,8,Each,1,8,3205.00
,12,2015,GN,1,Each,1,1,8710.00
,12,2015,GW,1,Each,1,1,450.00
,12,2015,GT,1,Each,1,1,525.00
,12,2015,HN,2,Each,1,2,640.00
,12,2015,KZ,1,Each,1,1,575.00
,12,2015,KE,2,Each,1,2,2094.50
,12,2015,KG,1,Each,1,1,290.00
,12,2015,KH,1,Each,1,1,300.00
,12,2015,KH,1,Lump Sum,1,1,495.00
,12,2015,XK,1,Each,1,1,310.00
,12,2015,LA,2,Each,1,2,2425.00
,12,2015,MV,1,Each,1,1,525.00
,12,2015,ML,2,Each,1,2,1410.00
,12,2015,MM,3,Each,1,3,2965.00
,12,2015,MN,1,Each,1,1,450.00
,12,2015,MZ,1,Each,1,1,262.50
,12,2015,MW,3,Each,1,3,8265.00
,12,2015,NG,6,Each,1,6,10475.00
,12,2015,PY,1,Each,1,1,495.00
,12,2015,SL,2,Each,1,2,1910.00
,12,2015,SV,2,Each,1,2,521.60
,12,2015,SS,1,Each,1,1,1380.00
,12,2015,TG,4,Each,1,4,5104.28
,12,2015,TJ,2,Each,1,2,3010.00
,12,2015,UG,2,Each,1,2,1290.00
,12,2015,UA,1,Each,1,1,670.00
,12,2015,US,5,Each,1,5,4009.00
,12,2015,US,1,Lump Sum,1,1,4350.00
,12,2015,ZM,5,Each,1,5,3990.00
,12,2015,ZW,1,Each,1,1,600.00
,13,2015,AF,"11,200",Set,1,"11,200",95200.00
,13,2015,BI,"134,500",Set,1,"134,500",1143250.00
,13,2015,BJ,"218,300",Set,1,"218,300",1855550.00
,13,2015,BF,"299,628",Set,1,"299,628",2543574.00
,13,2015,BS,700,Set,1,700,5950.00
,13,2015,BO,"51,100",Set,1,"51,100",434350.00
,13,2015,CF,500,Set,1,500,4250.00
,13,2015,CI,"16,640",Set,1,"16,640",136544.00
,13,2015,CM,"77,096",Set,1,"77,096",643892.00
,13,2015,CD,"304,892",Set,1,"304,892",2589950.00
,13,2015,CG,"6,200",Set,1,"6,200",52700.00
,13,2015,CO,300,Set,1,300,2550.00
,13,2015,KM,"1,008",Set,1,"1,008",8568.00
,13,2015,CR,624,Set,1,624,26966.40
,13,2015,CU,"1,500",Set,1,"1,500",12750.00
,13,2015,DJ,500,Set,1,500,4250.00
,13,2015,EC,"83,240",Set,1,"83,240",1175789.60
,13,2015,ET,"1,001,632",Set,1,"1,001,632",8438800.00
,13,2015,FJ,"15,000",Set,1,"15,000",127500.00
,13,2015,GB,"197,344",Set,1,"197,344",1762424.00
,13,2015,GH,"192,028",Set,1,"192,028",1614286.00
,13,2015,GN,"45,000",Set,1,"45,000",382500.00
,13,2015,GM,"30,272",Set,1,"30,272",255680.00
,13,2015,GW,"57,400",Set,1,"57,400",487900.00
,13,2015,HN,"91,648",Set,1,"91,648",777376.00
,13,2015,HT,"9,300",Set,1,"9,300",79050.00
,13,2015,JM,"2,800",Set,1,"2,800",23800.00
,13,2015,KE,"413,468",Set,1,"413,468",3426350.00
,13,2015,KH,"9,992",Set,1,"9,992",42500.00
,13,2015,LA,"20,768",Set,1,"20,768",170000.00
,13,2015,LR,"33,600",Set,1,"33,600",285600.00
,13,2015,LS,"1,500",Set,1,"1,500",12750.00
,13,2015,MG,"47,752",Set,1,"47,752",396100.00
,13,2015,MV,320,Set,1,320,2720.00
,13,2015,ML,"196,405",Set,1,"196,405",1664342.50
,13,2015,MM,"122,496",Set,1,"122,496",1041216.00
,13,2015,MZ,"20,000",Set,1,"20,000",170000.00
,13,2015,MR,"18,054",Set,1,"18,054",148563.00
,13,2015,MW,"283,756",Set,1,"283,756",2398870.00
,13,2015,NE,"13,700",Set,1,"13,700",116450.00
,13,2015,NG,"584,085",Set,1,"584,085",4905970.50
,13,2015,NP,"91,840",Set,1,"91,840",780640.00
,13,2015,PA,"2,258",Set,1,"2,258",125006.40
,13,2015,PH,"2,300",Set,1,"2,300",19550.00
,13,2015,PG,"95,800",Set,1,"95,800",814300.00
,13,2015,RW,"28,112",Set,1,"28,112",238952.00
,13,2015,SD,"29,568",Set,1,"29,568",251328.00
,13,2015,SN,"57,400",Set,1,"57,400",487900.00
,13,2015,SL,"68,500",Set,1,"68,500",582250.00
,13,2015,SV,"1,975",Set,1,"1,975",32587.50
,13,2015,SO,"50,576",Set,1,"50,576",425000.00
,13,2015,SS,"51,900",Set,1,"51,900",441150.00
,13,2015,TG,"52,368",Set,1,"52,368",438600.00
,13,2015,TJ,"3,500",Set,1,"3,500",29750.00
,13,2015,TL,"12,000",Set,1,"12,000",102000.00
,13,2015,TZ,"447,623",Set,1,"447,623",3804795.50
,13,2015,UY,"10,000",Set,1,"10,000",85000.00
,13,2015,VE,"5,100",Set,1,"5,100",43350.00
,13,2015,YE,"14,016",Set,1,"14,016",119136.00
,13,2015,ZA,"2,500",Set,1,"2,500",21250.00
,13,2015,ZM,"358,437",Set,1,"358,437",3033650.00
,13,2015,ZW,"84,000",Set,1,"84,000",714000.00
,14,2015,AM,1,Each,1,1,1020.00
,14,2015,AZ,1,Each,1,1,850.00
,14,2015,BI,1,Batch,1,1,395.00
,14,2015,BI,1,Each,1,1,630.00
,14,2015,BF,3,Each,1,3,14275.14
,14,2015,BA,1,Each,1,1,310.00
,14,2015,BT,2,Each,1,2,1325.00
,14,2015,CF,1,Each,1,1,2820.00
,14,2015,CM,3,Each,1,3,15047.92
,14,2015,CD,47,Each,1,47,11985.00
,14,2015,CG,1,Each,1,1,6315.00
,14,2015,CR,1,Lot,1,1,252.98
,14,2015,CU,3,Each,1,3,3215.00
,14,2015,FJ,1,Each,1,1,1264.90
,14,2015,GH,71,Each,1,71,33140.00
,14,2015,GN,1,Each,1,1,630.00
,14,2015,GW,2,Each,1,2,922.00
,14,2015,GT,1,Each,1,1,395.00
,14,2015,HN,24,Each,1,24,6065.31
,14,2015,KE,2,Each,1,2,3885.00
,14,2015,KG,1,Each,1,1,1561.00
,14,2015,KH,1,Each,1,1,2782.78
,14,2015,KH,1,Lump Sum,1,1,645.00
,14,2015,XK,1,Each,1,1,908.00
,14,2015,LA,2,Each,1,2,2270.00
,14,2015,LR,2,Each,1,2,3895.00
,14,2015,MV,1,Each,1,1,270.00
,14,2015,ML,1,Batch,1,1,355.00
,14,2015,ML,1,Each,1,1,3794.70
,14,2015,MM,6,Each,1,6,9030.00
,14,2015,MZ,3,Each,1,3,10640.00
,14,2015,MW,4,Each,1,4,36921.35
,14,2015,NG,4,Each,1,4,15049.00
,14,2015,PY,1,Each,1,1,1011.92
,14,2015,RW,11,Each,1,11,2895.00
,14,2015,SL,2,Each,1,2,5408.39
,14,2015,SO,1,Each,1,1,400.00
,14,2015,SS,1,Each,1,1,6071.52
,14,2015,TJ,2,Each,1,2,13144.80
,14,2015,UG,1,Each,1,1,1620.00
,14,2015,US,1,Each,1,1,1580.00
,14,2015,US,1,Lump Sum,1,1,12580.00
,14,2015,ZM,5,Each,1,5,15635.92
,16,2015,BF,960,Each,1,960,222003.02
,16,2015,BD,16,Each,1,16,6541.92
,16,2015,CF,7,Each,1,7,35629.15
,16,2015,CI,192,Each,1,192,118960.35
,16,2015,CM,92,Each,1,92,73409.36
,16,2015,CD,34,Each,1,34,4437.76
,16,2015,CR,4,Each,1,4,1811.76
,16,2015,DO,7,Each,1,7,1137.28
,16,2015,ER,10,Each,1,10,4980.30
,16,2015,FJ,1,Each,1,1,510.64
,16,2015,GH,15,Each,1,15,6240.00
,16,2015,GN,50,Each,1,50,47353.00
,16,2015,GM,43,Each,1,43,56815.02
,16,2015,GW,25,Each,1,25,6386.65
,16,2015,GQ,24,Each,1,24,44363.90
,16,2015,HN,23,Each,1,23,5729.76
,16,2015,HT,5,Each,1,5,746.10
,16,2015,IQ,10,Each,1,10,153134.00
,16,2015,KE,"1,039",Each,1,"1,039",954863.94
,16,2015,LR,36,Each,1,36,8811.06
,16,2015,MG,26,Each,1,26,3342.58
,16,2015,ML,37,Each,1,37,19222.66
,16,2015,MN,2,Each,1,2,712.50
,16,2015,MR,25,Each,1,25,14426.10
,16,2015,MW,122,Each,1,122,38228.98
,16,2015,NE,155,Each,1,155,37109.95
,16,2015,NG,60,Each,1,60,5850.00
,16,2015,PH,14,Each,1,14,1247.68
,16,2015,PY,18,Each,1,18,1649.16
,16,2015,SD,300,Each,1,300,105947.42
,16,2015,SN,914,Each,1,914,389109.43
,16,2015,SL,442,Each,1,442,188005.04
,16,2015,SS,77,Each,1,77,22316.93
,16,2015,TG,20,Each,1,20,17608.30
,16,2015,TJ,20,Each,1,20,12300.90
,16,2015,TJ,4,Kit,1,4,4428.73
,16,2015,TJ,4,Set,1,4,2972.00
,16,2015,TZ,409,Each,1,409,46919.38
,17,2015,BF,640,Each,1,640,82720.00
,17,2015,BS,7,Each,1,7,569.17
,17,2015,BZ,66,Each,1,66,9680.10
,17,2015,BZ,10,Pack 6,6,60,666.70
,17,2015,CI,110,Each,1,110,23115.00
,17,2015,CM,260,Each,1,260,67910.00
,17,2015,CD,140,Each,1,140,36582.50
,17,2015,CR,940,Each,1,940,52026.50
,17,2015,DO,11,Each,1,11,5696.50
,17,2015,EG,53,Each,1,53,9983.50
,17,2015,KZ,29,Each,1,29,5163.00
,17,2015,LA,240,Each,1,240,9125.90
,17,2015,LR,"1,600",Each,1,"1,600",83200.00
,17,2015,MG,12,Each,1,12,6660.00
,17,2015,ML,200,Each,1,200,11300.00
,17,2015,MR,56,Each,1,56,6709.72
,17,2015,MR,4,Pack 6,6,24,266.68
,17,2015,MR,4,Pack 8,8,32,560.00
,17,2015,MY,24,Each,1,24,1996.05
,17,2015,MY,7,Pack 6,6,42,466.69
,17,2015,MY,7,Pack 8,8,56,980.00
,17,2015,NG,230,Each,1,230,42440.00
,17,2015,NP,191,Each,1,191,15023.67
,17,2015,NP,4,Pack 6,6,24,266.68
,17,2015,PK,111,Each,1,111,18476.95
,17,2015,PK,20,Pack 6,6,120,1333.40
,17,2015,PA,11,Each,1,11,9939.50
,17,2015,PY,14,Each,1,14,16107.00
,17,2015,RW,180,Each,1,180,9914.10
,17,2015,SN,100,Each,1,100,45000.00
,17,2015,SS,25,Each,1,25,4900.00
,17,2015,TJ,13,Each,1,13,11402.25
,17,2015,US,56,Each,1,56,14722.50
,17,2015,ZW,248,Each,1,248,36112.08
,17,2015,ZW,24,Pack 8,8,192,3360.00
,18,2015,BF,239,Each,1,239,102460.95
,18,2015,BD,89,Each,1,89,59163.50
,18,2015,CF,22,Each,1,22,18817.20
,18,2015,CI,341,Each,1,341,63208.95
,18,2015,CM,599,Each,1,599,214723.38
,18,2015,CG,27,Each,1,27,17560.00
,18,2015,FJ,22,Each,1,22,6521.44
,18,2015,GH,13,Each,1,13,4867.33
,18,2015,GN,"1,036",Each,1,"1,036",373310.00
,18,2015,GM,40,Each,1,40,20200.00
,18,2015,GW,55,Each,1,55,5938.50
,18,2015,HN,215,Each,1,215,34251.00
,18,2015,HT,39,Each,1,39,5840.30
,18,2015,IQ,320,Each,1,320,118000.00
,18,2015,KE,"1,868",Each,1,"1,868",517425.11
,18,2015,LR,"1,578",Each,1,"1,578",83709.00
,18,2015,MG,59,Each,1,59,19440.44
,18,2015,ML,486,Each,1,486,256919.80
,18,2015,MN,19,Each,1,19,3488.90
,18,2015,MN,35,Pack 100,100,"3,500",87.85
,18,2015,MR,59,Each,1,59,14368.14
,18,2015,MW,36,Each,1,36,16783.48
,18,2015,NE,24,Each,1,24,59043.00
,18,2015,NP,160,Each,1,160,35733.60
,18,2015,PH,77,Each,1,77,16057.44
,18,2015,PY,9,Each,1,9,1832.61
,18,2015,PS,44,Each,1,44,10049.76
,18,2015,RW,23,Each,1,23,5126.00
,18,2015,SD,57,Each,1,57,23642.55
,18,2015,SN,77,Each,1,77,31812.50
,18,2015,SL,"1,830",Each,1,"1,830",485381.79
,18,2015,SS,110,Each,1,110,20706.01
,18,2015,ST,15,Each,1,15,4573.30
,18,2015,TG,205,Each,1,205,19911.75
,18,2015,TZ,92,Each,1,92,18080.00
,18,2015,ZW,249,Each,1,249,61980.92
,19,2015,BF,51,Lump Sum,1,51,7.14
,19,2015,CM,784,Lump Sum,1,784,0.08
,19,2015,ET,"25,000",Each,1,"25,000",58250.00
,19,2015,ET,"5,500",Kit,1,"5,500",12815.00
,19,2015,ET,1,Lump Sum,1,1,25500.00
,19,2015,GW,1,Each,1,1,196.50
,19,2015,KE,1,Lump Sum,1,1,750.00
,19,2015,LR,"1,680",Each,1,"1,680",4519.20
,19,2015,MG,"2,330",Lump Sum,1,"2,330",6267.70
,19,2015,ML,1,Lump Sum,1,1,5918.00
,19,2015,MR,2,Lump Sum,1,2,250.00
,19,2015,NP,"6,720",Each,1,"6,720",2822.40
,19,2015,SS,1,Lump Sum,1,1,25850.00
,20,2015,MG,40,Each,1,40,15164.20
,20,2015,ML,6,Each,1,6,5649.88
,20,2015,MN,3,Each,1,3,2390.40
,20,2015,MR,2,Each,1,2,3578.32
,20,2015,SD,500,Pack 100,100,"50,000",20600.00
,20,2015,ST,10,Bottle,1,10,55.60
,20,2015,ST,343,Each,1,343,46747.25
,20,2015,TG,5,Each,1,5,4600.00
,20,2015,US,10,Pack 200,200,"2,000",902.40
,20,2015,US,5,Set,1,5,3502.00
,21,2015,BI,12,Each,1,12,1743.04
,21,2015,BF,23,Each,1,23,21032.21
,21,2015,BS,50,Each,1,50,2500.00
,21,2015,CF,171,Each,1,171,450.25
,21,2015,CI,171,Each,1,171,15538.13
,21,2015,CI,6,Set,1,6,443.16
,21,2015,CM,"1,276",Each,1,"1,276",80058.60
,21,2015,CD,120,Each,1,120,336.00
,21,2015,CR,60,Each,1,60,2539.31
,21,2015,DO,10,Set,1,10,871.10
,21,2015,ER,317,Each,1,317,9003.64
,21,2015,FJ,"2,144",Each,1,"2,144",39533.05
,21,2015,GH,4,Each,1,4,16746.04
,21,2015,GN,20,Each,1,20,1000.00
,21,2015,GM,48,Each,1,48,33676.08
,21,2015,GW,78,Each,1,78,10043.69
,21,2015,GQ,450,Each,1,450,1257.00
,21,2015,HN,148,Each,1,148,5097.62
,21,2015,HT,11,Each,1,11,266.30
,21,2015,HT,"3,500",Pack,1,"3,500",315.00
,21,2015,IQ,1,Each,1,1,4382.75
,21,2015,KE,"2,672",Each,1,"2,672",101301.50
,21,2015,KE,2,Lot,1,2,2342.00
,21,2015,LR,"1,752",Each,1,"1,752",29524.90
,21,2015,MG,"1,416",Each,1,"1,416",63102.10
,21,2015,ML,263,Each,1,263,61803.47
,21,2015,MM,5,Each,1,5,57.20
,21,2015,MN,26,Each,1,26,383.90
,21,2015,MN,2,Set,1,2,723.46
,21,2015,MR,82,Each,1,82,34442.26
,21,2015,MW,469,Each,1,469,46655.16
,21,2015,NE,4,Each,1,4,22697.68
,21,2015,NG,"10,000",Each,1,"10,000",17500.00
,21,2015,NI,9,Each,1,9,102.96
,21,2015,PK,4,Each,1,4,3227.24
,21,2015,PH,85,Each,1,85,5108.59
,21,2015,PY,104,Each,1,104,1780.52
,21,2015,PY,18,Set,1,18,1329.48
,21,2015,PS,23,Each,1,23,77825.00
,21,2015,RW,74,Each,1,74,1402.50
,21,2015,SD,"1,795",Each,1,"1,795",25652.91
,21,2015,SN,"1,605",Each,1,"1,605",14060.62
,21,2015,SN,300,Set,1,300,26133.00
,21,2015,SL,588,Each,1,588,138033.99
,21,2015,SS,178,Each,1,178,7353.90
,21,2015,ST,60,Each,1,60,194.70
,21,2015,SY,7,Each,1,7,24136.80
,21,2015,TG,150,Each,1,150,15119.62
,21,2015,TZ,12,Each,1,12,1670.42
,21,2015,US,300,Each,1,300,1704.00
,21,2015,ZW,"1,810",Each,1,"1,810",27633.30
,22,2015,BI,10,Each,1,10,48.20
,22,2015,BJ,"7,980",Each,1,"7,980",15155.35
,22,2015,BJ,665,Pack 5,5,"3,325",12635.00
,22,2015,BJ,398,Set,1,398,352054.00
,22,2015,BF,"71,300",Each,1,"71,300",165105.00
,22,2015,BF,150,Pack 5,5,750,2850.00
,22,2015,BF,175,Set,1,175,41125.00
,22,2015,CF,31,Each,1,31,4609.27
,22,2015,CF,10,Set,1,10,305.50
,22,2015,CI,"3,298",Each,1,"3,298",15568.34
,22,2015,CI,200,Pack 5,5,"1,000",3800.00
,22,2015,CM,"6,699",Each,1,"6,699",35511.82
,22,2015,CM,75,Set,1,75,12375.00
,22,2015,CD,"5,670",Each,1,"5,670",11420.50
,22,2015,CD,110,Pack 5,5,550,2090.00
,22,2015,CD,22,Set,1,22,8896.25
,22,2015,KM,"10,300",Each,1,"10,300",836.00
,22,2015,KM,200,Pack 100,100,"20,000",682.00
,22,2015,DJ,53,Each,1,53,269.28
,22,2015,DJ,2,Pack 100,100,200,13.12
,22,2015,DJ,1,Set,1,1,165.00
,22,2015,FJ,"5,508",Each,1,"5,508",25083.80
,22,2015,GH,"11,200",Each,1,"11,200",24784.00
,22,2015,GH,10,Set,1,10,9106.10
,22,2015,GQ,300,Pack 100,100,"30,000",1782.00
,22,2015,GQ,2,Set,1,2,200.00
,22,2015,HN,506,Each,1,506,1980.14
,22,2015,HT,12,Each,1,12,49.08
,22,2015,KE,"9,853",Each,1,"9,853",31426.16
,22,2015,KE,270,Set,1,270,45786.60
,22,2015,LA,567,Each,1,567,1982.61
,22,2015,LA,189,Pack 100,100,"18,900",644.49
,22,2015,LR,"37,608",Each,1,"37,608",7992.40
,22,2015,MG,"77,776",Each,1,"77,776",10951.76
,22,2015,MG,647,Pack 100,100,"64,700",3075.71
,22,2015,MG,12,Set,1,12,2205.00
,22,2015,ML,"9,837",Each,1,"9,837",44274.19
,22,2015,ML,760,Pack 100,100,"76,000",3678.40
,22,2015,ML,65,Set,1,65,59189.65
,22,2015,MM,"10,480",Each,1,"10,480",16885.08
,22,2015,MR,"1,160",Each,1,"1,160",6933.66
,22,2015,MW,"3,984",Each,1,"3,984",24802.56
,22,2015,MW,56,Set of 16,1,56,3245.20
,22,2015,NE,"9,218",Each,1,"9,218",24791.33
,22,2015,NE,219,Pack 100,100,"21,900",748.22
,22,2015,NE,"1,000",Pack 5,5,"5,000",19000.00
,22,2015,NE,460,Set,1,460,43847.40
,22,2015,NP,40,Each,1,40,38490.00
,22,2015,PH,75,Each,1,75,1855.50
,22,2015,PY,"1,956",Each,1,"1,956",6672.24
,22,2015,PY,20,Set,1,20,3675.00
,22,2015,SD,"1,250",Each,1,"1,250",3802.50
,22,2015,SN,"8,165",Each,1,"8,165",48312.14
,22,2015,SN,205,Pack 5,5,"1,025",3895.00
,22,2015,SN,460,Set,1,460,237453.55
,22,2015,SL,"7,440",Each,1,"7,440",1794.50
,22,2015,SL,52,Set,1,52,47231.72
,22,2015,SS,"1,740",Each,1,"1,740",2365.50
,22,2015,SS,30,Pack 5,5,150,570.00
,22,2015,TG,55,Each,1,55,296.00
,22,2015,TZ,"1,200",Each,1,"1,200",2149.00
,22,2015,US,20,Each,1,20,105.80
,22,2015,ZW,"47,160",Each,1,"47,160",110305.00
,22,2015,ZW,1,Lot,1,1,630.00
,22,2015,ZW,500,Pack 100,100,"50,000",2420.00
,23,2015,CI,100,Each,1,100,38.00
,23,2015,CR,200,Each,1,200,550.00
,23,2015,FJ,150,Each,1,150,1915.50
,23,2015,FJ,75,Pack 12,12,900,1048.50
,23,2015,FJ,75,Pack 50,50,"3,750",295.50
,23,2015,GN,300,Each,1,300,2524.00
,23,2015,GW,500,Each,1,500,5048.00
,23,2015,GW,300,Pair,1,300,1744.00
,23,2015,KE,705,Each,1,705,2606.40
,23,2015,KE,120,Pair,1,120,1366.80
,23,2015,LR,"3,240",Each,1,"3,240",21026.40
,23,2015,MW,"5,500",Each,1,"5,500",19035.00
,23,2015,SS,500,Pack 100,100,"50,000",305.00
,23,2015,SS,45,Pair,1,45,797.55
,23,2015,US,20,Pack 50,50,"1,000",31.00
,23,2015,US,10,Pair,1,10,113.90
,24,2015,BI,0,Each,1,0,41278.44
,24,2015,BI,0,Lot,1,0,4771.56
,24,2015,BF,35,Each,1,35,58967.01
,24,2015,BD,16,Each,1,16,10848.00
,24,2015,CF,4,Each,1,4,1878.28
,24,2015,CM,167,Each,1,167,34729.98
,24,2015,CR,4,Each,1,4,407.40
,24,2015,DJ,2,Each,1,2,4034.22
,24,2015,FJ,2,Each,1,2,288.00
,24,2015,GN,20,Each,1,20,61240.00
,24,2015,GQ,10,Each,1,10,13810.44
,24,2015,HN,22,Each,1,22,3013.12
,24,2015,IN,27,Lump Sum,1,27,33750.00
,24,2015,IQ,30,Each,1,30,69570.00
,24,2015,KE,582,Each,1,582,109898.52
,24,2015,LR,25,Each,1,25,2546.25
,24,2015,MG,26,Each,1,26,5928.00
,24,2015,ML,40,Each,1,40,54523.75
,24,2015,MN,2,Each,1,2,861.06
,24,2015,MR,3,Each,1,3,2926.53
,24,2015,MW,73,Each,1,73,48508.95
,24,2015,NE,201,Each,1,201,21000.00
,24,2015,NG,2,Each,1,2,1741.28
,24,2015,PY,6,Each,1,6,900.00
,24,2015,PS,5,Each,1,5,13995.00
,24,2015,SD,16,Each,1,16,6439.78
,24,2015,SN,8,Each,1,8,28945.02
,24,2015,SL,90,Each,1,90,250139.74
,24,2015,SS,7,Each,1,7,7811.29
,24,2015,ST,3,Each,1,3,385.77
,24,2015,SY,3,Each,1,3,29214.00
,24,2015,TG,26,Each,1,26,24200.00
,24,2015,ZW,40,Each,1,40,15699.60
,25,2015,BF,"1,370",Each,1,"1,370",25990.80
,25,2015,CM,406,Each,1,406,115023.86
,25,2015,ER,5,Each,1,5,127.22
,25,2015,GN,7,Each,1,7,5270.00
,25,2015,KE,"1,162",Each,1,"1,162",174300.00
,25,2015,LB,"40,778",Kit,1,"40,778",8971.16
,25,2015,ML,255,Each,1,255,40620.15
,25,2015,ML,1,Kit,1,1,153.76
,25,2015,MW,156,Each,1,156,26622.80
,25,2015,NG,"5,080",Each,1,"5,080",130634.40
,25,2015,NG,"5,000",Lot,1,"5,000",111000.00
,25,2015,NP,4,Each,1,4,2560.00
,25,2015,PK,"1,500",Each,1,"1,500",8682.00
,25,2015,SS,"336,050",Each,1,"336,050",327261.00
,25,2015,ST,10,Each,1,10,3885.31
,25,2015,SY,"63,002",Each,1,"63,002",1030916.24
,25,2015,US,1,Each,1,1,1260.00
,25,2015,US,750,Kit,1,750,270494.00
,25,2015,YE,"78,800",Each,1,"78,800",1228520.00
,25,2015,ZW,"7,500",Each,1,"7,500",11250.00
,26,2015,CF,9,Each,1,9,3142.44
,26,2015,CM,45,Each,1,45,2129.79
,26,2015,CD,20,Each,1,20,10845.60
,26,2015,ER,10,Each,1,10,4326.75
,26,2015,FJ,102,Each,1,102,32624.70
,26,2015,HN,17,Each,1,17,1427.83
,26,2015,HT,5,Each,1,5,183.20
,26,2015,KE,781,Each,1,781,17697.46
,26,2015,MG,6,Each,1,6,1988.40
,26,2015,MN,4,Each,1,4,118.40
,26,2015,MR,1,Each,1,1,107.76
,26,2015,MW,112,Each,1,112,35071.12
,26,2015,NE,100,Each,1,100,54550.00
,26,2015,PH,7,Each,1,7,3795.96
,26,2015,SD,4,Each,1,4,2169.12
,26,2015,SN,6,Each,1,6,503.94
,26,2015,SL,116,Each,1,116,21375.32
,26,2015,SS,5,Each,1,5,538.80
,26,2015,ST,10,Each,1,10,887.50
,26,2015,TG,81,Each,1,81,12570.80
,26,2015,US,12,Each,1,12,1065.00
,26,2015,ZW,45,Each,1,45,15967.40
,27,2015,BJ,1,Each,1,1,630.00
,27,2015,BF,"3,003",Each,1,"3,003",14557.62
,27,2015,BD,"2,506",Each,1,"2,506",191006.77
,27,2015,CF,100,Pack 100,100,"10,000",1604.00
,27,2015,CI,"7,100",Each,1,"7,100",1440.00
,27,2015,CI,16,Pack 100,100,"1,600",118.70
,27,2015,CI,"2,000",Pack 150,150,"300,000",76.00
,27,2015,CM,32,Each,1,32,258.56
,27,2015,CD,"1,500",Pack 100,100,"150,000",4305.00
,27,2015,CD,300,Pack 12,12,"3,600",10.00
,27,2015,CD,200,Pack 36,36,"7,200",5611.00
,27,2015,CD,400,Pack 50,50,"20,000",19488.00
,27,2015,CD,"7,000",Pair,1,"7,000",6820.80
,27,2015,KM,60,Pack 100,100,"6,000",84.60
,27,2015,CU,519,Pack 100,100,"51,900",2709.18
,27,2015,DJ,1,Each,1,1,1.83
,27,2015,DJ,300,Pack 100,100,"30,000",1080.00
,27,2015,DO,10,Each,1,10,39.00
,27,2015,ER,"5,000",Each,1,"5,000",1100.00
,27,2015,ET,"15,000",Box,1,"15,000",64350.00
,27,2015,ET,"15,000",Each,1,"15,000",8400.00
,27,2015,ET,"121,500",Pack 10,10,"1,215,000",259140.00
,27,2015,ET,"106,500",Pack 100,100,"10,650,000",203765.00
,27,2015,ET,"75,500",Pack 20,20,"1,510,000",85940.00
,27,2015,ET,"30,500",Pack 50,50,"1,525,000",126880.00
,27,2015,FJ,114,Each,1,114,47333.00
,27,2015,FJ,"1,200",Pack 10,10,"12,000",3192.00
,27,2015,FJ,"1,010",Pack 100,100,"101,000",4303.10
,27,2015,FJ,301,Pair,1,301,339.54
,27,2015,GN,"10,000",Pack 100,100,"1,000,000",42900.00
,27,2015,GN,"3,500",Pair,1,"3,500",5390.00
,27,2015,GM,"2,303",Each,1,"2,303",19315.00
,27,2015,GM,"1,020",Pack 100,100,"102,000",4085.80
,27,2015,GM,"1,800",Pack 50,50,"90,000",18000.00
,27,2015,GM,"2,000",Pair,1,"2,000",2400.00
,27,2015,GW,"8,500",Each,1,"8,500",3620.00
,27,2015,GW,105,Pack 10,10,"1,050",293.50
,27,2015,GW,420,Pack 100,100,"42,000",1403.40
,27,2015,GW,150,Pack 20,20,"3,000",258.00
,27,2015,GW,"1,200",Pack 50,50,"60,000",10452.00
,27,2015,GW,"2,000",Pair,1,"2,000",2160.00
,27,2015,GQ,"2,650",Each,1,"2,650",6181.50
,27,2015,GQ,"1,500",Pack 100,100,"150,000",3515.00
,27,2015,GQ,"4,500",Pack 12,12,"54,000",67500.00
,27,2015,GQ,"2,000",Pack 36,36,"72,000",23520.00
,27,2015,GQ,"6,030",Pack 50,50,"301,500",46575.00
,27,2015,HN,52,Each,1,52,64.48
,27,2015,KE,697,Each,1,697,104.55
,27,2015,LA,210,Each,1,210,5850.00
,27,2015,LB,"4,580",Pack 100,100,"458,000",5995.22
,27,2015,LB,"2,447",Pack 1000,"1,000","2,447,000",38275.97
,27,2015,LR,"14,860",Each,1,"14,860",4645.20
,27,2015,LR,"3,360",Pack 10,10,"33,600",8937.60
,27,2015,LR,"5,620",Pack 100,100,"562,000",16639.30
,27,2015,LR,300,Pack 12,12,"3,600",2385.00
,27,2015,LR,"5,040",Pack 20,20,"100,800",8668.80
,27,2015,LR,"32,500",Pair,1,"32,500",43530.00
,27,2015,LS,8,Each,1,8,52786.43
,27,2015,MG,"100,605",Each,1,"100,605",24413.05
,27,2015,MG,"4,881",Pack 10,10,"48,810",13136.76
,27,2015,MG,"10,702",Pack 100,100,"1,070,200",27326.44
,27,2015,MG,517,Pack 12,12,"6,204",4596.13
,27,2015,MG,"7,022",Pack 20,20,"140,440",12182.80
,27,2015,MG,29,Pack 25,25,725,457.91
,27,2015,MG,50,Pack 36,36,"1,800",1498.00
,27,2015,MG,"5,539",Pack 50,50,"276,950",43911.31
,27,2015,MG,14,Pack 60,60,840,655.20
,27,2015,MG,52,Pack 80,80,"4,160",345.80
,27,2015,MG,"95,100",Pair,1,"95,100",29738.00
,27,2015,MG,"3,260",Set,1,"3,260",684.60
,27,2015,ML,"1,010",Each,1,"1,010",565.60
,27,2015,ML,"2,020",Pack 10,10,"20,200",5373.20
,27,2015,ML,"2,020",Pack 100,100,"202,000",5464.10
,27,2015,ML,"3,030",Pack 20,20,"60,600",5211.60
,27,2015,MM,"4,800",Kit,1,"4,800",70992.00
,27,2015,MM,160,Pack 100,100,"16,000",512.60
,27,2015,MM,19,Pack 25,25,475,463.41
,27,2015,MW,"1,000",Pair,1,"1,000",920.00
,27,2015,NG,"6,000",Each,1,"6,000",133200.00
,27,2015,NG,"9,000",Lot,1,"9,000",199800.00
,27,2015,NG,"21,000",Pack 10,10,"210,000",58800.00
,27,2015,NG,"22,000",Pack 100,100,"2,200,000",61300.00
,27,2015,NG,"10,000",Pack 20,20,"200,000",2800.00
,27,2015,NG,"4,000",Pack 50,50,"200,000",41600.00
,27,2015,NI,500,Each,1,500,245.00
,27,2015,NI,40,Pack 50,50,"2,000",301.80
,27,2015,PH,"1,010",Each,1,"1,010",54871.90
,27,2015,PH,505,Pack,1,505,1514.79
,27,2015,PH,20,Pack 100,100,"2,000",57.40
,27,2015,PH,20,Roll,1,20,6.38
,27,2015,RW,15,Each,1,15,79.35
,27,2015,RW,200,Pack 100,100,"20,000",900.00
,27,2015,RW,200,Pack 50,50,"10,000",1900.00
,27,2015,SD,"2,501",Each,1,"2,501",2100.00
,27,2015,SD,250,Pack 50,50,"12,500",3850.00
,27,2015,SN,903,Each,1,903,420.00
,27,2015,SN,210,Pair,1,210,323.40
,27,2015,SL,401,Each,1,401,155697.38
,27,2015,SL,104,Pack 100,100,"10,400",1952.22
,27,2015,SL,115,Pack 25,25,"2,875",2616.25
,27,2015,SL,"1,122",Pack 50,50,"56,100",50384.00
,27,2015,SL,"25,084",Set,1,"25,084",43028.18
,27,2015,SS,50,Box,1,50,562.50
,27,2015,SS,"5,165",Each,1,"5,165",23747.75
,27,2015,SS,700,Pack 100,100,"70,000",2151.00
,27,2015,SS,400,Pack 12,12,"4,800",1984.00
,27,2015,SS,35,Pack 50,50,"1,750",333.00
,27,2015,SS,"5,000",Set,1,"5,000",1000.00
,27,2015,ST,"4,000",Each,1,"4,000",320.00
,27,2015,ST,"4,000",Set,1,"4,000",560.00
,27,2015,SY,"1,000",Each,1,"1,000",2910.72
,27,2015,TG,400,Each,1,400,2750.50
,27,2015,TG,300,Pack 100,100,"30,000",861.00
,27,2015,TZ,"92,901",Each,1,"92,901",70586.22
,27,2015,US,450,Pack 100,100,"45,000",5557.50
,27,2015,ZW,1,Each,1,1,630.00
,27,2015,ZW,"7,888",Pack 100,100,"788,800",51967.52
,27,2015,ZW,"4,700",Pack 50,50,"235,000",40354.00
,27,2015,ZW,800,Set,1,800,152.00
,28,2015,BF,"8,000",Each,1,"8,000",55300.00
,28,2015,CF,79,Each,1,79,244.90
,28,2015,CI,200,Each,1,200,2125.50
,28,2015,CM,77,Each,1,77,453.92
,28,2015,CG,20,Each,1,20,54.40
,28,2015,KM,200,Each,1,200,920.00
,28,2015,CR,18,Each,1,18,12.06
,28,2015,DO,8,Each,1,8,1564.27
,28,2015,FJ,"2,719",Each,1,"2,719",21827.38
,28,2015,GN,20,Each,1,20,295.40
,28,2015,GW,50,Each,1,50,150.00
,28,2015,HN,123,Each,1,123,993.01
,28,2015,HT,35,Each,1,35,61.61
,28,2015,KE,"2,057",Each,1,"2,057",9880.43
,28,2015,LR,379,Each,1,379,3037.89
,28,2015,MG,870,Each,1,870,3156.40
,28,2015,ML,"2,150",Each,1,"2,150",8621.50
,28,2015,MR,159,Each,1,159,740.55
,28,2015,MW,"1,824",Each,1,"1,824",12028.32
,28,2015,NE,218,Each,1,218,1584.86
,28,2015,PY,12,Each,1,12,764.64
,28,2015,SD,500,Each,1,500,1380.00
,28,2015,SN,209,Each,1,209,1801.68
,28,2015,SL,465,Each,1,465,3659.55
,28,2015,SS,69,Each,1,69,274.77
,28,2015,TG,232,Each,1,232,5455.09
,28,2015,US,20,Each,1,20,341.00
,28,2015,ZW,"8,789",Each,1,"8,789",29566.46
,29,2015,GQ,"2,400",Each,1,"2,400",29206.60
,29,2015,LB,125,Each,1,125,8075.00
,29,2015,PY,40,Each,1,40,3153.60
,29,2015,SV,91,Box,1,91,2912.00
,29,2015,US,233,Each,1,233,11067.99
,29,2015,ZW,270,Each,1,270,95175.00
,30,2015,CI,"1,000",Each,1,"1,000",80000.00
,30,2015,GN,160,Kit,1,160,79712.00
,30,2015,KE,106,Kit,1,106,55703.00
,30,2015,ML,542,Kit,1,542,275715.48
,30,2015,MM,572,Kit,1,572,0.57
,30,2015,NG,402,Kit,1,402,192735.30
,30,2015,US,"17,535",Kit,1,"17,535",10404942.96
,31,2015,BI,1,Lot,1,1,630.00
,31,2015,BF,10,Each,1,10,5770.00
,31,2015,BD,4,Each,1,4,2270.00
,31,2015,BS,1,Each,1,1,350.00
,31,2015,CI,1,Each,1,1,670.00
,31,2015,CM,7,Each,1,7,4440.00
,31,2015,CG,1,Each,1,1,470.00
,31,2015,KM,2,Each,1,2,1300.00
,31,2015,ER,2,Each,1,2,980.00
,31,2015,ET,3,Each,1,3,1930.00
,31,2015,GH,2,Each,1,2,1300.00
,31,2015,GN,1,Each,1,1,400.00
,31,2015,GW,6,Each,1,6,3350.00
,31,2015,GQ,4,Each,1,4,2120.00
,31,2015,HN,2,Each,1,2,1610.00
,31,2015,IN,1,Lump Sum,1,1,320.00
,31,2015,KE,3,Each,1,3,3001.66
,31,2015,LA,2,Each,1,2,1020.00
,31,2015,LR,83,Each,1,83,6505.00
,31,2015,MG,10,Each,1,10,6290.00
,31,2015,ML,6,Each,1,6,3220.00
,31,2015,MM,2,Each,1,2,1200.00
,31,2015,MN,3,Each,1,3,2000.00
,31,2015,MR,5,Each,1,5,3070.00
,31,2015,MW,8,Each,1,8,4400.00
,31,2015,NE,3,Each,1,3,1620.00
,31,2015,NG,1,Each,1,1,630.00
,31,2015,PH,1,Each,1,1,470.00
,31,2015,PY,4,Each,1,4,2270.00
,31,2015,SD,11,Each,1,11,5810.00
,31,2015,SN,5,Each,1,5,2870.00
,31,2015,SL,12,Each,1,12,8280.00
,31,2015,SS,4,Each,1,4,3330.00
,31,2015,ST,1,Each,1,1,630.00
,31,2015,SY,1,Each,1,1,630.00
,31,2015,TZ,1,Each,1,1,670.00
,31,2015,TZ,1,Lump Sum,1,1,470.00
,31,2015,US,4,Each,1,4,2570.00
,31,2015,UZ,1,Each,1,1,670.00
,31,2015,ZW,12,Each,1,12,6470.00
,33,2015,BI,"9,440",Pack 10,10,"94,400",28320.00
,33,2015,ET,"45,500",Pack 4,4,"182,000",80535.00
,33,2015,GN,200,Pack 25,25,"5,000",4828.00
,33,2015,GW,500,Each,1,500,7525.00
,33,2015,GW,120,Pack 25,25,"3,000",3000.00
,33,2015,GW,50,Pack 4,4,200,88.50
,33,2015,GQ,100,Each,1,100,1505.00
,33,2015,GQ,50,Pack 10,10,500,591.50
,33,2015,JO,1,Pack 25,25,25,22.50
,33,2015,LR,105,Pack 20,20,"2,100",735.00
,33,2015,LR,205,Pack 25,25,"5,125",4948.70
,33,2015,LR,"1,680",Pack 4,4,"6,720",2973.60
,33,2015,MG,482,Each,1,482,7254.10
,33,2015,MG,43,Pack 20,20,860,445.05
,33,2015,MG,4,Pack 25,25,100,96.56
,33,2015,MG,"2,330",Pack 4,4,"9,320",4124.10
,33,2015,ML,"1,010",Pack 4,4,"4,040",1787.70
,33,2015,MR,8,Each,1,8,1630.00
,33,2015,NE,860,Pack 20,20,"17,200",7980.80
,33,2015,NG,6,Pack 20,20,120,63.00
,33,2015,NG,"10,000",Pack 4,4,"40,000",17700.00
,33,2015,SS,150,Each,1,150,2257.50
,33,2015,SS,200,Pack 20,20,"4,000",1666.00
,33,2015,SS,60,Pack 25,25,"1,500",1448.40
,33,2015,UA,160,Pack 25,25,"4,000",3200.00
,33,2015,ZW,500,Pack 20,20,"10,000",4640.00
,34,2015,BI,500,Pack 500,500,"250,000",3080.00
,34,2015,KM,100,Pack 500,500,"50,000",616.00
,34,2015,GN,200,Pack 1000,"1,000","200,000",2400.00
,34,2015,GW,"20,000",Each,1,"20,000",9240.00
,34,2015,LR,330,Pack 500,500,"165,000",2032.80
,34,2015,PH,500,Bottle,1,500,236.50
,34,2015,PH,120,Box,1,120,86.90
,34,2015,PH,108,Pack,1,108,2586.60
,35,2015,PH,1,Box,1,1,2.40
,36,2015,KM,500,Pack 1000,"1,000","500,000",1290.00
,36,2015,ER,"3,000",Pack 1000,"1,000","3,000,000",7230.00
,36,2015,FJ,50,Pack 1000,"1,000","50,000",105.00
,36,2015,GW,"7,500",Each,1,"7,500",5775.00
,36,2015,GQ,300,Pack 1000,"1,000","300,000",789.00
,36,2015,HT,"7,000",Pack 1000,"1,000","7,000,000",15330.00
,36,2015,JO,"1,377",Pack 1000,"1,000","1,377,000",2317.50
,36,2015,LB,"20,000",Pack 1000,"1,000","20,000,000",73860.00
,36,2015,LR,700,Pack 1000,"1,000","700,000",1741.00
,36,2015,MG,55,Pack 1000,"1,000","55,000",273.40
,36,2015,MM,540,Pack 1000,"1,000","540,000",1447.20
,36,2015,PH,600,Box,1,600,13290.00
,36,2015,SS,450,Pack 1000,"1,000","450,000",1176.00
,36,2015,ST,500,Pack 1000,"1,000","500,000",1050.00
,36,2015,SY,"14,000",Pack 1000,"1,000","14,000,000",30660.00
,37,2015,BI,64,Pack 100,100,"6,400",1536.00
,37,2015,BI,150,Pack 40,40,"6,000",5185.50
,37,2015,ER,"1,000",Pack 50,50,"50,000",6500.00
,37,2015,GH,"1,500",Pack 10,10,"15,000",16500.00
,37,2015,GN,"1,500",Pack 10,10,"15,000",2025.00
,37,2015,GN,15,Pack 100,100,"1,500",330.00
,37,2015,GN,200,Pack 1000,"1,000","200,000",6642.00
,37,2015,GN,900,Pack 50,50,"45,000",8686.00
,37,2015,GM,320,Pack 100,100,"32,000",3765.60
,37,2015,GM,75,Pack 1000,"1,000","75,000",2625.00
,37,2015,GW,200,Pack 100,100,"20,000",2414.00
,37,2015,GW,850,Pack 50,50,"42,500",7667.50
,37,2015,GQ,930,Pack 100,100,"93,000",8477.10
,37,2015,GQ,230,Pack 1000,"1,000","230,000",6586.30
,37,2015,GQ,800,Pack 40,40,"32,000",27656.00
,37,2015,GQ,380,Pack 50,50,"19,000",2471.60
,37,2015,JO,3,Pack 1000,"1,000","3,000",43.50
,37,2015,JO,50,Pack 50,50,"2,500",1112.50
,37,2015,LB,350,Pack,1,350,315.70
,37,2015,LB,350,Pack 100,100,"35,000",8400.00
,37,2015,LB,299,Pack 1000,"1,000","299,000",3166.41
,37,2015,LR,"93,890",Each,1,"93,890",75563.69
,37,2015,LR,"2,700",Pack 10,10,"27,000",3645.00
,37,2015,LR,"1,265",Pack 1000,"1,000","1,265,000",30807.80
,37,2015,LR,613,Pack 25,25,"15,325",2758.50
,37,2015,LR,250,Pack 50,50,"12,500",2000.00
,37,2015,MG,"1,600",Pack 10,10,"16,000",2160.00
,37,2015,MG,787,Pack 100,100,"78,700",9499.09
,37,2015,MG,"16,677",Pack 50,50,"833,850",125410.70
,37,2015,MM,10,Pack 100,100,"1,000",170.35
,37,2015,MM,36,Pack 1000,"1,000","36,000",1076.82
,37,2015,MM,24,Pack 50,50,"1,200",170.86
,37,2015,NE,"3,600",Pack 50,50,"180,000",26712.00
,37,2015,NP,700,Each,1,700,11025.00
,37,2015,PH,"1,700",Bottle,1,"1,700",2134.80
,37,2015,PH,716,Pack,1,716,1349.40
,37,2015,PH,200,Tube,1,200,1640.00
,37,2015,SS,500,Pack 10,10,"5,000",675.00
,37,2015,SS,600,Pack 100,100,"60,000",13207.00
,37,2015,SS,250,Pack 1000,"1,000","250,000",6323.50
,37,2015,SS,200,Pack 50,50,"10,000",1647.00
,37,2015,SY,"7,640",Each,1,"7,640",120330.00
,37,2015,SY,"28,000",Pack 10,10,"280,000",37800.00
,37,2015,SY,"41,667",Pack 6,6,"250,002",23750.19
,37,2015,TZ,19,Pack 100,100,"1,900",323.00
,37,2015,UA,"1,000",Pack 10,10,"10,000",4000.00
,37,2015,UA,20,Pack 1000,"1,000","20,000",630.00
,37,2015,UA,"2,000",Pack 4,4,"8,000",1500.00
,37,2015,UA,250,Pack 50,50,"12,500",1739.17
,37,2015,YE,"5,130",Pack 100,100,"513,000",112860.00
,37,2015,YE,"18,057",Pack 50,50,"902,850",144456.00
,38,2015,BI,60,Pack 100,100,"6,000",810.00
,38,2015,CR,11,Each,1,11,2138.54
,38,2015,CR,10,Pack 100,100,"1,000",135.00
,38,2015,GW,"4,650",Each,1,"4,650",4770.15
,38,2015,LB,"1,025",Pack 100,100,"102,500",9089.50
,38,2015,SY,"2,400",Pack 100,100,"240,000",32400.00
,39,2015,GN,30,Pack 1000,"1,000","30,000",1005.00
,39,2015,GQ,20,Pack 1000,"1,000","20,000",670.00
,40,2015,PH,100,Tube,1,100,185.00
,40,2015,UA,"1,000",Pack,1,"1,000",1210.00
,41,2015,SO,1,Lump Sum,1,1,1698.92
,41,2015,SO,1,Pack 600,600,600,37753.80
,41,2015,SS,"1,500",Each,1,"1,500",15750.00
,41,2015,SS,20,Pack 1000,"1,000","20,000",1200.20
,42,2015,CR,10,Each,1,10,70.00
,42,2015,GQ,50,Pack 1000,"1,000","50,000",350.00
,42,2015,LB,57,Pack 1000,"1,000","57,000",399.00
,42,2015,LR,550,Pack 1000,"1,000","550,000",3850.00
,42,2015,PH,50,Box,1,50,433.40
,42,2015,SS,300,Pack 1000,"1,000","300,000",2100.00
,42,2015,SY,250,Pack 1000,"1,000","250,000",1750.00
,43,2015,GN,"1,000",Bottle,1,"1,000",4000.00
,43,2015,GW,"1,200",Each,1,"1,200",2316.60
,43,2015,MG,756,Bottle,1,756,2676.24
,43,2015,NE,"3,200",Bottle,1,"3,200",11712.00
,43,2015,PH,200,Bottle,1,200,875.70
,43,2015,SS,400,Bottle,1,400,1416.00
,43,2015,YE,"184,375",Bottle,1,"184,375",737500.00
,44,2015,ER,"2,000",Pack 5,5,"10,000",45000.00
,44,2015,GN,100,Pack 5,5,500,2250.00
,44,2015,GM,100,Pack 5,5,500,2250.00
,44,2015,GW,200,Pack 5,5,"1,000",4500.00
,44,2015,GQ,200,Pack 5,5,"1,000",4500.00
,44,2015,GQ,100,Pack 500,500,"50,000",7250.00
,44,2015,LR,175,Pack 5,5,875,4028.50
,44,2015,MM,40,Pack 5,5,200,900.00
,44,2015,MM,40,Pack 500,500,"20,000",2900.00
,44,2015,NI,500,Pack 5,5,"2,500",11510.00
,44,2015,PH,30,Box,1,30,108.24
,44,2015,PH,74,Pack,1,74,59.20
,44,2015,SS,20,Pack 1000,"1,000","20,000",1450.00
,44,2015,SS,300,Pack 5,5,"1,500",6750.00
,44,2015,YE,"3,230",Pack 5,5,"16,150",72675.00
,45,2015,BJ,"5,000",Pack 100,100,"500,000",240100.00
,45,2015,BS,"10,000",Each,1,"10,000",900.00
,45,2015,CF,100,Each,1,100,2873.24
,45,2015,CF,300,Pack 100,100,"30,000",10208.00
,45,2015,CM,"4,000",Pack 25,25,"100,000",82000.00
,45,2015,KM,240,Pack 100,100,"24,000",11524.80
,45,2015,FJ,"1,000",Each,1,"1,000",90.00
,45,2015,GN,800,Pack 25,25,"20,000",16400.00
,45,2015,GN,167,Pack 30,30,"5,010",2755.50
,45,2015,GM,"1,000",Pack 100,100,"100,000",135000.00
,45,2015,GM,"1,000",Pack 25,25,"25,000",20500.00
,45,2015,KE,"3,200",Pack 25,25,"80,000",65600.00
,45,2015,MG,"16,000",Pack 100,100,"1,600,000",768320.00
,45,2015,MR,1,Each,1,1,244.37
,45,2015,SO,900,Pack 100,100,"90,000",63468.00
,45,2015,SO,"2,250",Pack 20,20,"45,000",49500.00
,45,2015,SS,"2,100",Pack 100,100,"210,000",12684.00
,45,2015,SS,"1,000",Pack 25,25,"25,000",20500.00
,45,2015,SS,"3,000",Pack 30,30,"90,000",49500.00
,45,2015,ST,120,Each,1,120,4200.00
,45,2015,ST,205,Pack 100,100,"20,500",18850.00
,45,2015,ST,266,Pack 30,30,"7,980",4389.00
,45,2015,SY,"90,000",Each,1,"90,000",10800.00
,45,2015,TG,400,Pack 100,100,"40,000",28208.00
,45,2015,UA,"1,620",Gross,144,"233,280",4860.00
,45,2015,ZW,"7,500",Pack 30,30,"225,000",123750.00
,46,2015,PH,20,Box,1,20,478.50
,47,2015,ER,"19,500",Bottle,1,"19,500",8775.00
,47,2015,GN,"5,100",Bottle,1,"5,100",10320.00
,47,2015,GM,"30,000",Bottle,1,"30,000",13500.00
,47,2015,GW,"9,800",Bottle,1,"9,800",8175.00
,47,2015,GQ,"1,850",Pack 20,20,"37,000",22881.00
,47,2015,LR,300,Bottle,1,300,285.00
,47,2015,MG,"186,813",Bottle,1,"186,813",111125.03
,47,2015,MM,400,Bottle,1,400,330.00
,47,2015,NE,"35,000",Bottle,1,"35,000",15750.00
,47,2015,SS,"5,100",Bottle,1,"5,100",3750.00
,47,2015,YE,"276,376",Bottle,1,"276,376",124369.20
,48,2015,BI,"1,960",Each,1,"1,960",12161.32
,48,2015,BI,500,Pack 10,10,"5,000",11000.00
,48,2015,BI,"2,000",Pack 20,20,"40,000",7980.00
,48,2015,BO,200,Pack 10,10,"2,000",4400.00
,48,2015,BO,250,Pack 20,20,"5,000",1212.50
,48,2015,CF,260,Pack 10,10,"2,600",2330.40
,48,2015,CI,250,Pack,1,250,997.50
,48,2015,CI,"5,000",Pack 10,10,"50,000",34000.00
,48,2015,CM,20,Pack 10,10,200,440.00
,48,2015,CG,"20,000",Pack 5,5,"100,000",160000.00
,48,2015,KM,100,Pack 10,10,"1,000",680.00
,48,2015,ER,"1,000",Pack 10,10,"10,000",8000.00
,48,2015,ER,100,Pack 20,20,"2,000",485.00
,48,2015,ER,"1,576",Vial,1,"1,576",63040.00
,48,2015,ET,"110,150",Pack 5,5,"550,750",881200.00
,48,2015,GH,"2,000",Pack 5,5,"10,000",16000.00
,48,2015,GN,550,Pack,1,550,2194.50
,48,2015,GN,250,Pack 10,10,"2,500",1900.00
,48,2015,GN,15,Pack 20,20,300,59.85
,48,2015,GN,"1,000",Pack 5,5,"5,000",8000.00
,48,2015,GN,"2,000",Pack 50,50,"100,000",4000.00
,48,2015,GM,150,Pack 10,10,"1,500",1500.00
,48,2015,GM,550,Pack 100,100,"55,000",11814.00
,48,2015,GM,10,Pack 20,20,200,42.20
,48,2015,GM,"1,200",Pack 5,5,"6,000",9600.00
,48,2015,GW,"21,310",Each,1,"21,310",26086.10
,48,2015,GW,"2,210",Pack,1,"2,210",4220.03
,48,2015,GW,800,Pack 10,10,"8,000",9230.50
,48,2015,GW,15,Pack 100,100,"1,500",211.65
,48,2015,GW,25,Pack 20,20,500,99.75
,48,2015,GW,120,Pack 90,90,"10,800",1500.00
,48,2015,GQ,"23,480",Each,1,"23,480",77993.85
,48,2015,GQ,"1,500",Pack 10,10,"15,000",15465.00
,48,2015,GQ,100,Pack 100,100,"10,000",2148.00
,48,2015,GQ,250,Pack 20,20,"5,000",1055.00
,48,2015,GQ,800,Vial,1,800,32000.00
,48,2015,HT,"10,000",Pack 5,5,"50,000",80000.00
,48,2015,KE,400,Pack 10,10,"4,000",4430.00
,48,2015,KE,50,Pack 20,20,"1,000",242.50
,48,2015,LR,"5,000",Each,1,"5,000",2215.00
,48,2015,LR,652,Pack 10,10,"6,520",14344.00
,48,2015,LR,6,Pack 20,20,120,29.10
,48,2015,MG,"13,050",Bottle,1,"13,050",16435.10
,48,2015,MG,"1,285",Box,1,"1,285",8327.27
,48,2015,MG,"11,809",Each,1,"11,809",90662.22
,48,2015,MG,"1,889",Pack 10,10,"18,890",25979.60
,48,2015,MG,4,Pack 1000,"1,000","4,000",62.83
,48,2015,MG,336,Pack 20,20,"6,720",1340.64
,48,2015,MM,"1,201",Each,1,"1,201",3017.35
,48,2015,MM,"12,020",Pack 10,10,"120,200",264440.00
,48,2015,MM,"1,560",Pack 100,100,"156,000",5982.00
,48,2015,MM,15,Pack 1000,"1,000","15,000",141.00
,48,2015,MM,5,Pack 20,20,100,24.25
,48,2015,MM,120,Pack 30,30,"3,600",90.00
,48,2015,MM,500,Pack 4,4,"2,000",925.00
,48,2015,MM,"4,800",Pack 50,50,"240,000",5040.00
,48,2015,MM,100,Pack 6,6,600,645.00
,48,2015,MM,10,Pack 60,60,600,117.00
,48,2015,NE,"5,000",Pack 10,10,"50,000",40000.00
,48,2015,NE,"2,500",Pack 50,50,"125,000",160900.00
,48,2015,NG,"10,000",Pack 10,10,"100,000",80000.00
,48,2015,NG,250,Pack 20,20,"5,000",1212.50
,48,2015,NI,1,Each,1,1,630.00
,48,2015,NI,175,Pack 20,20,"3,500",698.25
,48,2015,PA,"1,112",Each,1,"1,112",13900.00
,48,2015,PH,20,Box,1,20,363.66
,48,2015,PH,1,Pack,1,1,60.00
,48,2015,KP,"6,125",Pack 10,10,"61,250",134750.00
,48,2015,SD,"59,663",Pack 10,10,"596,630",477304.00
,48,2015,SL,"1,600",Pack 5,5,"8,000",12800.00
,48,2015,SO,"10,000",Pack 10,10,"100,000",68000.00
,48,2015,SO,"1,850",Pack 20,20,"37,000",7381.50
,48,2015,SS,620,Pack 10,10,"6,200",5650.00
,48,2015,SS,"1,100",Pack 20,20,"22,000",4412.00
,48,2015,SS,"1,000",Pack 5,5,"5,000",8000.00
,48,2015,SS,250,Pack 50,50,"12,500",667.50
,48,2015,SY,751,Each,1,751,20625.03
,48,2015,SY,450,Pack 100,100,"45,000",1785.42
,48,2015,SY,"5,065",Pack 1000,"1,000","5,065,000",76215.06
,48,2015,TG,"4,000",Pack 10,10,"40,000",38600.00
,48,2015,TG,"1,000",Pack 20,20,"20,000",3990.00
,48,2015,TL,"2,600",Pack 5,5,"13,000",20800.00
,48,2015,TZ,"2,054",Pack 10,10,"20,540",25675.00
,48,2015,US,500,Pack 20,20,"10,000",1995.00
,48,2015,US,500,Pack 50,50,"25,000",32180.00
,48,2015,YE,"32,000",Pack 10,10,"320,000",704000.00
,48,2015,YE,"3,614",Pack 20,20,"72,280",17527.90
,48,2015,YE,"38,233",Pack 5,5,"191,165",305864.00
,48,2015,ZW,"3,000",Each,1,"3,000",43500.00
,48,2015,ZW,"7,500",Pack 10,10,"75,000",93750.00
,48,2015,ZW,"3,500",Pack 20,20,"70,000",13965.00
,49,2015,BI,"15,000",Pack 10,10,"150,000",41250.00
,49,2015,BI,"1,800",Pack 4,4,"7,200",810.00
,49,2015,BO,500,Pack 10,10,"5,000",1375.00
,49,2015,BO,"20,000",Pack 4,4,"80,000",9000.00
,49,2015,CF,733,Pack 10,10,"7,330",2015.75
,49,2015,CF,593,Pack 4,4,"2,372",266.85
,49,2015,CI,500,Pack 100,100,"50,000",10000.00
,49,2015,CM,"2,002",Pack 10,10,"20,020",5505.50
,49,2015,CG,"2,500",Pack 10,10,"25,000",5000.00
,49,2015,KM,100,Pack 100,100,"10,000",2000.00
,49,2015,ER,200,Pack 10,10,"2,000",550.00
,49,2015,ET,"195,150",Pack 10,10,"1,951,500",522026.25
,49,2015,GH,"4,024",Pack 10,10,"40,240",8048.00
,49,2015,GH,250,Pack 100,100,"25,000",2750.00
,49,2015,GN,310,Pack 10,10,"3,100",770.00
,49,2015,GN,490,Pack 4,4,"1,960",220.50
,49,2015,GM,500,Pack 10,10,"5,000",1000.00
,49,2015,GM,"2,500",Pack 100,100,"250,000",27500.00
,49,2015,GM,"1,000",Pack 4,4,"4,000",450.00
,49,2015,GW,"2,200",Pack 10,10,"22,000",5623.00
,49,2015,GW,"2,000",Tablet,1,"2,000",16000.00
,49,2015,GQ,"5,000",Pack 10,10,"50,000",10600.00
,49,2015,GQ,"2,500",Pack 4,4,"10,000",1125.00
,49,2015,HT,"2,000",Pack 4,4,"8,000",900.00
,49,2015,JO,20,Pack 100,100,"2,000",220.00
,49,2015,KE,"3,000",Pack 10,10,"30,000",6360.00
,49,2015,LB,365,Pack 10,10,"3,650",1003.75
,49,2015,LR,"124,302",Pack 10,10,"1,243,020",341830.50
,49,2015,LR,"66,913",Pack 4,4,"267,652",66913.00
,49,2015,MG,"5,303",Pack 10,10,"53,030",14583.25
,49,2015,MG,"104,623",Pack 4,4,"418,492",121362.68
,49,2015,ML,10,Pack 10,10,100,21.20
,49,2015,ML,480,Pack 4,4,"1,920",216.00
,49,2015,MM,20,Pack 10,10,200,55.00
,49,2015,NE,"4,000",Pack 10,10,"40,000",8480.00
,49,2015,NE,"1,600",Pack 100,100,"160,000",32000.00
,49,2015,NG,"30,000",Pack 10,10,"300,000",82500.00
,49,2015,NG,"56,667",Pack 3,3,"170,001",49300.29
,49,2015,NP,"2,155",Pack 100,100,"215,500",43100.00
,49,2015,PG,"15,220",Pack 10,10,"152,200",32266.40
,49,2015,KP,"3,500",Pack 100,100,"350,000",70000.00
,49,2015,RW,"13,762",Pack 3,3,"41,286",11972.94
,49,2015,SD,"100,000",Each,1,"100,000",45000.00
,49,2015,SD,"109,940",Pack 10,10,"1,099,400",233072.80
,49,2015,SL,"20,000",Pack 10,10,"200,000",40000.00
,49,2015,SL,"3,750",Pack 4,4,"15,000",15000.00
,49,2015,SV,"2,625",Pack 4,4,"10,500",1181.25
,49,2015,SO,"20,000",Pack 10,10,"200,000",42400.00
,49,2015,SO,"20,000",Pack 4,4,"80,000",9000.00
,49,2015,SS,300,Pack 10,10,"3,000",787.50
,49,2015,SS,340,Pack 60,60,"20,400",9860.00
,49,2015,ST,"2,500",Pack 4,4,"10,000",1125.00
,49,2015,TG,"1,500",Pack 10,10,"15,000",3180.00
,49,2015,TG,"3,750",Pack 4,4,"15,000",1687.50
,49,2015,TL,"2,900",Pack 10,10,"29,000",5800.00
,49,2015,TZ,"14,186",Pack 10,10,"141,860",30038.32
,49,2015,TZ,"10,582",Pack 4,4,"42,328",4761.90
,49,2015,TZ,280,Pack 60,60,"16,800",8120.00
,49,2015,UG,"40,000",Pack 4,4,"160,000",18000.00
,49,2015,US,"16,000",Pack 10,10,"160,000",33920.00
,49,2015,US,"20,000",Pack 4,4,"80,000",11800.00
,49,2015,US,"15,000",Pack 60,60,"900,000",432500.10
,49,2015,YE,"10,000",Pack 10,10,"100,000",20000.00
,49,2015,YE,"2,792",Pack 100,100,"279,200",55840.00
,49,2015,ZM,"200,000",Pack 4,4,"800,000",90000.00
,49,2015,ZW,"5,500",Pack 10,10,"55,000",11660.00
,49,2015,ZW,"1,500",Pack 4,4,"6,000",675.00
,50,2015,PH,800,Bottle,1,800,997.00
,51,2015,BF,3,Each,1,3,1960.00
,51,2015,CF,1,Each,1,1,630.00
,51,2015,ER,1,Each,1,1,630.00
,51,2015,ER,1,Vial,1,1,630.00
,51,2015,ET,1,Each,1,1,630.00
,51,2015,FJ,1,Each,1,1,630.00
,51,2015,GM,4,Each,1,4,5650.00
,51,2015,GQ,1,Each,1,1,5213.01
,51,2015,HT,1,Each,1,1,320.00
,51,2015,KE,4,Each,1,4,2725.00
,51,2015,LB,2,Each,1,2,1270.00
,51,2015,LR,4,Each,1,4,2330.00
,51,2015,MG,4,Each,1,4,2240.00
,51,2015,NE,1,Each,1,1,630.00
,51,2015,NG,3,Each,1,3,2792.00
,51,2015,NP,1,Each,1,1,1400.00
,51,2015,SO,1,Each,1,1,630.00
,51,2015,SS,3,Each,1,3,1890.00
,51,2015,SY,2,Each,1,2,1590.00
,51,2015,TG,2,Each,1,2,1260.00
,51,2015,TZ,3,Each,1,3,1730.00
,51,2015,UA,1,Each,1,1,630.00
,51,2015,US,8,Each,1,8,11951.19
,51,2015,YE,1,Each,1,1,1400.00
,51,2015,ZW,2,Each,1,2,1800.00
,52,2015,LB,560,Pack 1000,"1,000","560,000",15120.00
,52,2015,MG,"7,200",Pack 10,10,"72,000",71121.60
,52,2015,PH,316,Box,1,316,3840.88
,52,2015,PH,358,Pack,1,358,1342.50
