,2,2015,CI,6,Each,1,6,600
,2,2015,CU,1000,Pack 1000,1000,1000000,1140
,2,2015,GH,1,Each,1,1,1168
,2,2015,GW,1,Each,1,1,9378
,2,2015,GT,22000,Each,1,22000,220
,2,2015,HN,69450,Each,1,69450,32711
,2,2015,IR,192000,Each,1,192000,1536
,2,2015,LA,59040,Each,1,59040,106272
,2,2015,LA,15550,Gross,144,2239200,1849
,2,2015,MZ,2,Gross,144,288,13300
,2,2015,MW,1,Gross,144,144,7290
,2,2015,PY,453440,Each,1,453440,22672
,2,2015,SL,18000,Each,1,18000,48594
,2,2015,TD,2,Each,1,2,45212
,2,2015,US,1,Each,1,1,3100
,3,2015,AF,47040,Cycles,1,47040,12701
,3,2015,AO,60000,Cycles,1,60000,16200
,3,2015,AL,60000,Cycles,1,60000,16200
,3,2015,BI,380922,Cycles,1,380922,102849
,3,2015,BJ,370607,Cycles,1,370607,100064
,3,2015,BF,2528721,Cycles,1,2528721,541138
,3,2015,BS,25002,Cycles,1,25002,6751
,3,2015,BZ,79200,Cycles,1,79200,21384
,3,2015,CF,263738,Cycles,1,263738,73816
,3,2015,CI,592560,Cycles,1,592560,159991
,3,2015,CD,649455,Cycles,1,649455,171958
,3,2015,KM,35001,Cycles,1,35001,9450
,3,2015,CV,38577,Cycles,1,38577,10416
,3,2015,DJ,59999,Cycles,1,59999,16200
,3,2015,DO,40002,Cycles,1,40002,10801
,3,2015,EC,840000,Cycles,1,840000,226800
,3,2015,ER,108000,Cycles,1,108000,29160
,3,2015,FJ,38184,Cycles,1,38184,10310
,3,2015,GB,78480,Cycles,1,78480,21190
,3,2015,GH,600303,Cycles,1,600303,162082
,3,2015,GN,200880,Cycles,1,200880,54238
,3,2015,GM,120240,Cycles,1,120240,32465
,3,2015,GW,34200,Cycles,1,34200,17615
,3,2015,GQ,606,Cycles,1,606,425
,3,2015,GT,300000,Cycles,1,300000,81000
,3,2015,HN,3396465,Cycles,1,3396465,917046
,3,2015,HT,161541,Cycles,1,161541,43616
,3,2015,JM,219999,Cycles,1,219999,59400
,3,2015,KE,44999,Cycles,1,44999,14266
,3,2015,KH,3024880,Cycles,1,3024880,628000
,3,2015,LA,1530000,Cycles,1,1530000,413100
,3,2015,LB,105000,Cycles,1,105000,28350
,3,2015,LR,301140,Cycles,1,301140,81308
,3,2015,LS,113470,Cycles,1,113470,30637
,3,2015,MG,595605,Cycles,1,595605,160813
,3,2015,ML,846457,Cycles,1,846457,228967
,3,2015,MM,361740,Cycles,1,361740,97670
,3,2015,MW,552795,Cycles,1,552795,149255
,3,2015,MY,27069,Cycles,1,27069,7309
,3,2015,NE,1384500,Cycles,1,1384500,373815
,3,2015,NG,1622814,Cycles,1,1622814,438160
,3,2015,NP,304779,Cycles,1,304779,80130
,3,2015,PH,10001,Cycles,1,10001,4817
,3,2015,PG,4899,Cycles,1,4899,1323
,3,2015,RW,126000,Cycles,1,126000,34020
,3,2015,SD,2065500,Cycles,1,2065500,1411356
,3,2015,SN,1277280,Cycles,1,1277280,344866
,3,2015,SL,780000,Cycles,1,780000,167700
,3,2015,SV,46343,Cycles,1,46343,32130
,3,2015,SO,125280,Cycles,1,125280,33826
,3,2015,SS,117402,Cycles,1,117402,31699
,3,2015,ST,65500,Cycles,1,65500,17685
,3,2015,SC,28902,Cycles,1,28902,9200
,3,2015,TG,234900,Cycles,1,234900,63423
,3,2015,TJ,270000,Cycles,1,270000,72900
,3,2015,TM,21600,Cycles,1,21600,5832
,3,2015,TL,79900,Cycles,1,79900,21573
,3,2015,UG,159963,Cycles,1,159963,43190
,3,2015,US,130000,Cycles,1,130000,35100
,3,2015,YE,41880,Cycles,1,41880,11765
,4,2015,BI,28498,Pack 2,2,56996,5700
,4,2015,BJ,9160,Pack,1,9160,6046
,4,2015,BS,900,Pack,1,900,234
,4,2015,BO,960,Pack,1,960,634
,4,2015,CF,240,Pack,1,240,158
,4,2015,CI,3120,Pack,1,3120,2059
,4,2015,CM,100320,Pack,1,100320,66211
,4,2015,CD,128400,Pack,1,128400,84744
,4,2015,CO,1000,Pack 2,2,2000,200
,4,2015,CU,120600,Pack,1,120600,31356
,4,2015,DJ,1200,Pack,1,1200,792
,4,2015,DO,66000,Pack 2,2,132000,13200
,4,2015,EC,130000,Pack,1,130000,318500
,4,2015,ER,8640,Pack 2,2,17280,1728
,4,2015,ET,49310,Pack,1,49310,12821
,4,2015,FJ,1680,Pack,1,1680,1109
,4,2015,GH,25560,Pack,1,25560,16870
,4,2015,GN,240,Pack,1,240,158
,4,2015,GM,7680,Pack,1,7680,5069
,4,2015,GW,10800,Pack,1,10800,7128
,4,2015,GQ,1600,Pack 2,2,3200,320
,4,2015,LA,960,Pack,1,960,634
,4,2015,LB,2100,Pack 100,100,210000,9261
,4,2015,LB,2500,Pack 2,2,5000,500
,4,2015,LS,3120,Pack,1,3120,2059
,4,2015,MV,1000,Pack 2,2,2000,200
,4,2015,ML,720,Pack,1,720,475
,4,2015,MM,60000,Pack,1,60000,39600
,4,2015,MM,500,Pack 2,2,1000,100
,4,2015,NG,60000,Pack 2,2,120000,12000
,4,2015,NP,51840,Pack,1,51840,34214
,4,2015,PG,3120,Pack,1,3120,2059
,4,2015,PY,8160,Pack,1,8160,5386
,4,2015,PY,13440,Pack 2,2,26880,2688
,4,2015,RW,2400,Pack,1,2400,1584
,4,2015,SL,44340,Pack,1,44340,12379
,4,2015,SS,1440,Pack,1,1440,950
,4,2015,SS,10000,Pack 2,2,20000,2000
,4,2015,SC,240,Pack,1,240,158
,4,2015,TG,11040,Pack,1,11040,7286
,4,2015,TZ,900,Pack,1,900,234
,4,2015,TZ,63200,Pack 2,2,126400,12640
,4,2015,UY,18000,Pack,1,18000,4680
,4,2015,US,443700,Pack,1,443700,110925
,4,2015,ZM,14100,Pack,1,14100,2820
,5,2015,BI,200000,Each,1,200000,105400
,5,2015,CM,3335000,Each,1,3335000,1580545
,5,2015,CD,646000,Each,1,646000,340442
,5,2015,CU,10000,Each,1,10000,3500
,5,2015,GH,597000,Each,1,597000,3500
,5,2015,GQ,2000,Each,1,2000,700
,5,2015,GT,22000,Each,1,22000,11924
,5,2015,IR,384000,Each,1,384000,202368
,5,2015,KE,700000,Each,1,700000,368900
,5,2015,ML,43244,Each,1,43244,15135
,5,2015,MM,10000,Each,1,10000,3500
,5,2015,MZ,1350000,Each,1,1350000,711450
,5,2015,MW,600000,Each,1,600000,316200
,5,2015,NG,750000,Each,1,750000,351000
,5,2015,SL,2000,Each,1,2000,700
,5,2015,TG,223000,Each,1,223000,117521
,5,2015,UG,1500000,Each,1,1500000,790500
,5,2015,US,2810000,Each,1,2810000,1461600
,5,2015,ZM,1548000,Each,1,1548000,710923
,6,2015,AF,19000,Each,1,19000,1520
,6,2015,AF,19000,Vial,1,19000,13680
,6,2015,AO,270000,Each,1,270000,21600
,6,2015,AO,270000,Vial,1,270000,194400
,6,2015,AL,20000,Ampoule,1,20000,23000
,6,2015,AL,20000,Each,1,20000,1800
,6,2015,BI,1382600,Each,1,1382600,110608
,6,2015,BI,1382600,Vial,1,1382600,995472
,6,2015,BJ,99000,Ampoule,1,99000,113850
,6,2015,BJ,99000,Each,1,99000,8910
,6,2015,BF,669000,Each,1,669000,316520
,6,2015,BF,269000,Vial,1,269000,193680
,6,2015,BS,11000,Ampoule,1,11000,10850
,6,2015,BS,27000,Vial,1,27000,29700
,6,2015,BZ,12200,Ampoule,1,12200,14030
,6,2015,BZ,78000,Each,1,78000,6362
,6,2015,BZ,65800,Vial,1,65800,52640
,6,2015,BT,111000,Each,1,111000,8880
,6,2015,BT,111000,Vial,1,111000,79920
,6,2015,CF,4500,Ampoule,1,4500,4725
,6,2015,CF,36400,Each,1,36400,2942
,6,2015,CF,33400,Vial,1,33400,24048
,6,2015,CI,412000,Each,1,412000,412000
,6,2015,CM,10000,Each,1,10000,10000
,6,2015,CD,129000,Ampoule,1,129000,148350
,6,2015,CD,1037400,Each,1,1037400,422842
,6,2015,CD,540400,Vial,1,540400,392320
,6,2015,CG,116000,Each,1,116000,9280
,6,2015,CG,116000,Vial,1,116000,83520
,6,2015,KM,78400,Ampoule,1,78400,91660
,6,2015,KM,68400,Each,1,68400,6156
,6,2015,CV,64200,Each,1,64200,5136
,6,2015,CV,72975,Vial,1,72975,52542
,6,2015,CR,7000,Ampoule,1,7000,5950
,6,2015,CR,7000,Each,1,7000,630
,6,2015,CU,51900,Ampoule,1,51900,59685
,6,2015,DJ,10000,Each,1,10000,10000
,6,2015,DJ,30000,Vial,1,30000,21600
,6,2015,EC,1046700,Each,1,1046700,2878425
,6,2015,ER,100000,Each,1,100000,8000
,6,2015,ER,100000,Vial,1,100000,72000
,6,2015,FJ,10000,Each,1,10000,800
,6,2015,FJ,10000,Vial,1,10000,7200
,6,2015,GA,9600,Each,1,9600,768
,6,2015,GA,9600,Vial,1,9600,6912
,6,2015,GB,201000,Each,1,201000,16080
,6,2015,GB,201000,Vial,1,201000,144720
,6,2015,GH,373200,Ampoule,1,373200,317220
,6,2015,GH,1095600,Each,1,1095600,91380
,6,2015,GH,722400,Vial,1,722400,520128
,6,2015,GN,70000,Each,1,70000,5600
,6,2015,GN,70000,Vial,1,70000,50400
,6,2015,GM,65000,Ampoule,1,65000,59750
,6,2015,GW,2500,Ampoule,1,2500,2875
,6,2015,GW,32500,Each,1,32500,7225
,6,2015,GW,25000,Vial,1,25000,18000
,6,2015,GT,795000,Ampoule,1,795000,816750
,6,2015,GT,1335025,Vial,1,1335025,1075218
,6,2015,HN,2187000,Each,1,2187000,174960
,6,2015,HN,2266000,Vial,1,2266000,1862500
,6,2015,HT,421400,Each,1,421400,33712
,6,2015,HT,421400,Vial,1,421400,303408
,6,2015,JM,282000,Each,1,282000,22560
,6,2015,JM,282000,Vial,1,282000,282000
,6,2015,KE,5000,Ampoule,1,5000,5750
,6,2015,KE,48000,Each,1,48000,3890
,6,2015,KE,43000,Vial,1,43000,30960
,6,2015,KG,40000,Each,1,40000,3200
,6,2015,KG,40000,Vial,1,40000,28800
,6,2015,KH,200000,Each,1,200000,16000
,6,2015,KH,200000,Vial,1,200000,144000
,6,2015,LA,333000,Each,1,333000,29400
,6,2015,LA,330000,Vial,1,330000,237600
,6,2015,LB,600,Each,1,600,48
,6,2015,LB,600,Vial,1,600,432
,6,2015,LK,300000,Each,1,300000,15000
,6,2015,LK,300000,Vial,1,300000,330000
,6,2015,LS,10700,Ampoule,1,10700,12305
,6,2015,LS,22100,Each,1,22100,1875
,6,2015,LS,11400,Vial,1,11400,9500
,6,2015,MG,15200,Ampoule,1,15200,17480
,6,2015,MG,2024000,Each,1,2024000,622072
,6,2015,MG,1508800,Vial,1,1508800,1086336
,6,2015,MV,800,Each,1,800,64
,6,2015,MV,800,Vial,1,800,640
,6,2015,ML,337800,Each,1,337800,27024
,6,2015,ML,337800,Vial,1,337800,243216
,6,2015,MM,1804200,Each,1,1804200,144336
,6,2015,MM,1804200,Vial,1,1804200,1307360
,6,2015,MN,60000,Each,1,60000,4800
,6,2015,MN,60000,Vial,1,60000,48000
,6,2015,MZ,2380800,Each,1,2380800,586800
,6,2015,MZ,1950000,Vial,1,1950000,1404000
,6,2015,MR,41200,Each,1,41200,3296
,6,2015,MR,41200,Vial,1,41200,29664
,6,2015,MW,2005600,Each,1,2005600,160448
,6,2015,MW,2005600,Vial,1,2005600,1444032
,6,2015,MY,1000,Each,1,1000,80
,6,2015,MY,1000,Vial,1,1000,800
,6,2015,NE,820800,Each,1,820800,120848
,6,2015,NE,710600,Vial,1,710600,511632
,6,2015,NG,2601600,Ampoule,1,2601600,2991840
,6,2015,NG,4529200,Each,1,4529200,395712
,6,2015,NG,1919500,Vial,1,1919500,1378040
,6,2015,NI,4000,Ampoule,1,4000,3400
,6,2015,NP,67000,Each,1,67000,5360
,6,2015,NP,1067000,Vial,1,1067000,768240
,6,2015,PG,10600,Each,1,10600,848
,6,2015,PG,10600,Vial,1,10600,7632
,6,2015,PY,440000,Each,1,440000,35200
,6,2015,PY,440000,Vial,1,440000,484000
,6,2015,RW,4700,Ampoule,1,4700,5075
,6,2015,RW,686800,Each,1,686800,54980
,6,2015,RW,683200,Vial,1,683200,491904
,6,2015,SD,474200,Each,1,474200,37936
,6,2015,SD,474200,Vial,1,474200,312972
,6,2015,SN,1294000,Each,1,1294000,594800
,6,2015,SN,760000,Vial,1,760000,547200
,6,2015,SL,6000,Ampoule,1,6000,6900
,6,2015,SL,256000,Each,1,256000,20540
,6,2015,SL,250000,Vial,1,250000,180000
,6,2015,SV,36000,Ampoule,1,36000,30600
,6,2015,SV,54700,Vial,1,54700,43760
,6,2015,SO,125000,Each,1,125000,10000
,6,2015,SO,125000,Vial,1,125000,90000
,6,2015,SS,71400,Each,1,71400,5712
,6,2015,SS,89350,Vial,1,89350,64872
,6,2015,ST,9400,Each,1,9400,752
,6,2015,ST,9400,Vial,1,9400,6768
,6,2015,SC,10800,Ampoule,1,10800,12420
,6,2015,SC,10800,Each,1,10800,972
,6,2015,TG,38000,Ampoule,1,38000,43700
,6,2015,TG,495400,Each,1,495400,40012
,6,2015,TG,457400,Vial,1,457400,329328
,6,2015,TJ,90000,Each,1,90000,7200
,6,2015,TJ,90000,Vial,1,90000,64800
,6,2015,TL,240000,Each,1,240000,19200
,6,2015,TL,240000,Vial,1,240000,172800
,6,2015,TR,30000,Ampoule,1,30000,25500
,6,2015,TR,30000,Each,1,30000,2700
,6,2015,TZ,3335200,Each,1,3335200,266816
,6,2015,TZ,3335200,Vial,1,3335200,2401344
,6,2015,UG,202400,Each,1,202400,16192
,6,2015,UG,202400,Vial,1,202400,145728
,6,2015,YE,7800,Each,1,7800,624
,6,2015,YE,7800,Vial,1,7800,5616
,6,2015,ZM,392000,Ampoule,1,392000,450800
,6,2015,ZM,469400,Each,1,469400,41472
,6,2015,ZM,77400,Vial,1,77400,55728
,6,2015,ZW,661800,Each,1,661800,52944
,6,2015,ZW,661800,Vial,1,661800,476496
,7,2015,AF,30000,Pack,1,30000,10170
,7,2015,AL,2000,Pack,1,2000,640
,7,2015,BJ,39000,Pack,1,39000,13221
,7,2015,BF,35500,Pack,1,35500,12035
,7,2015,CF,368,Pack,1,368,127
,7,2015,CH,8000,Pack,1,8000,2752
,7,2015,CM,15000,Pack,1,15000,5160
,7,2015,CD,7222,Pack,1,7222,2383
,7,2015,CG,10000,Pack,1,10000,2500
,7,2015,CO,1000,Pack,1,1000,250
,7,2015,CV,3280,Pack,1,3280,1138
,7,2015,CU,110000,Pack,1,110000,36740
,7,2015,DJ,800,Pack,1,800,200
,7,2015,DO,3000,Pack,1,3000,1032
,7,2015,FJ,3000,Pack,1,3000,1041
,7,2015,GH,33050,Each,1,33050,11568
,7,2015,GH,7000,Pack,1,7000,2429
,7,2015,GN,80000,Pack,1,80000,20000
,7,2015,GW,25000,Pack,1,25000,6250
,7,2015,GT,10000,Pack,1,10000,3440
,7,2015,HN,94000,Pack,1,94000,31540
,7,2015,HT,4000,Pack,1,4000,1000
,7,2015,KE,70000,Pack,1,70000,23730
,7,2015,KH,20000,Pack,1,20000,5000
,7,2015,LA,32000,Pack,1,32000,10464
,7,2015,LB,39250,Pack,1,39250,12280
,7,2015,MG,35996,Pack,1,35996,12203
,7,2015,ML,32493,Pack,1,32493,11220
,7,2015,MM,57900,Pack,1,57900,14560
,7,2015,MZ,44000,Pack,1,44000,14388
,7,2015,MW,15000,Pack,1,15000,5205
,7,2015,MY,300,Pack,1,300,103
,7,2015,NE,10425,Pack,1,10425,3586
,7,2015,NG,5000,Pack,1,5000,1250
,7,2015,PH,4000,Pack,1,4000,1388
,7,2015,PG,3694,Pack,1,3694,924
,7,2015,SD,2720,Pack,1,2720,680
,7,2015,SL,51500,Pack,1,51500,16841
,7,2015,SV,12900,Each,1,12900,3225
,7,2015,SV,6815,Pack,1,6815,1704
,7,2015,SO,28000,Pack,1,28000,7000
,7,2015,SS,12300,Pack,1,12300,3075
,7,2015,SC,120,Pack,1,120,41
,7,2015,TL,2000,Pack,1,2000,688
,7,2015,TR,40000,Pack,1,40000,13760
,7,2015,TZ,151294,Pack,1,151294,49511
,7,2015,UG,230000,Pack,1,230000,57500
,7,2015,ZM,49800,Pack,1,49800,13672
,8,2015,CM,2,Each,1,2,1490
,8,2015,EC,4,Lot,1,4,29470
,8,2015,GW,6,Each,1,6,2250
,8,2015,GT,1,Batch,1,1,5467
,8,2015,KZ,1,Each,1,1,1360
,8,2015,LB,1,Each,1,1,700
,8,2015,MG,1,Each,1,1,5674
,8,2015,MN,1,Each,1,1,1012
,8,2015,NG,4,Each,1,4,38488
,8,2015,SD,1,Each,1,1,2885
,8,2015,SV,6,Each,1,6,1020
,8,2015,UG,1,Each,1,1,5500
,8,2015,ZW,1,Each,1,1,253
,9,2015,BJ,270,Pack 1000,1000,270000,6094
,9,2015,BZ,10,Pack 1000,1000,10000,563
,9,2015,BT,6,Pack 1000,1000,6000,360
,9,2015,CI,118250,Each,1,118250,82775
,9,2015,CM,91,Pack 1000,1000,91000,2054
,9,2015,CD,2154,Pack 1000,1000,2154000,48616
,9,2015,CR,402,Pack 1000,1000,402000,24120
,9,2015,CU,1000,Pack 1000,1000,1000000,50706
,9,2015,FJ,29,Pack 1000,1000,29000,1634
,9,2015,GN,20,Pack 1000,1000,20000,451
,9,2015,HT,25,Pack 1000,1000,25000,564
,9,2015,KG,734,Pack 1000,1000,734000,16566
,9,2015,KH,1348,Pack 1000,1000,1348000,30424
,9,2015,MG,505,Pack 1000,1000,505000,11398
,9,2015,MM,837,Pack 1000,1000,837000,50220
,9,2015,MN,148,Pack 1000,1000,148000,3640
,9,2015,NG,1000,Pack 1000,1000,1000000,41285
,9,2015,PK,3309,Pack 1000,1000,3309000,156185
,9,2015,PG,288,Pack 1000,1000,288000,6500
,9,2015,SL,296,Pack 1000,1000,296000,17760
,9,2015,TG,115,Pack 1000,1000,115000,2596
,9,2015,TJ,3000,Pack 1000,1000,3000000,67710
,9,2015,ZW,490,Pack 1000,1000,490000,29400
,10,2015,AF,4950,Gross,144,712800,20048
,10,2015,AM,11500,Gross,144,1656000,43700
,10,2015,AZ,13889,Gross,144,2000016,51945
,10,2015,BF,87000,Gross,144,12528000,304500
,10,2015,BA,5280,Gross,144,760320,12276
,10,2015,BZ,6000,Gross,144,864000,25800
,10,2015,BT,11000,Gross,144,1584000,40700
,10,2015,CI,12000,Gross,144,1728000,51864
,10,2015,CM,108300,Gross,144,15595200,379330
,10,2015,CD,322197,Gross,144,46396368,1136262
,10,2015,CG,48610,Gross,144,6999840,181801
,10,2015,CR,2000,Gross,144,288000,8940
,10,2015,CU,26838,Gross,144,3864672,106010
,10,2015,EC,151159,Gross,144,21766896,525654
,10,2015,FJ,10000,Gross,144,1440000,38000
,10,2015,GH,228465,Gross,144,32898960,948130
,10,2015,GN,70000,Gross,144,10080000,261800
,10,2015,GW,18505,Gross,144,2664720,78187
,10,2015,GQ,7000,Gross,144,1008000,27790
,10,2015,HN,69450,Gross,144,10000800,316275
,10,2015,HT,161150,Gross,144,23205600,580140
,10,2015,IR,24938,Gross,144,3591072,92719
,10,2015,KZ,31052,Gross,144,4471488,61638
,10,2015,KE,373396,Gross,144,53769024,1456244
,10,2015,KG,10606,Gross,144,1527264,41811
,10,2015,KH,39795,Gross,144,5730480,161076
,10,2015,XK,20838,Gross,144,3000672,52408
,10,2015,LA,74590,Gross,144,10740960,302280
,10,2015,LR,44870,Gross,144,6461280,193928
,10,2015,MV,825,Gross,144,118800,3960
,10,2015,ML,30125,Gross,144,4338000,112969
,10,2015,MM,89359,Gross,144,12867696,339075
,10,2015,MN,7950,Gross,144,1144800,29415
,10,2015,MZ,95000,Gross,144,13680000,420583
,10,2015,MW,309073,Gross,144,44506512,1105263
,10,2015,NG,686657,Gross,144,98878608,2756494
,10,2015,NL,36000,Gross,144,5184000,135000
,10,2015,PY,10496,Gross,144,1511424,44818
,10,2015,RW,32250,Gross,144,4644000,139385
,10,2015,SL,55005,Gross,144,7920720,282086
,10,2015,SV,11100,Gross,144,1598400,42180
,10,2015,SS,47230,Gross,144,6801120,201672
,10,2015,TG,22000,Gross,144,3168000,84700
,10,2015,TH,150,Gross,144,21600,1028
,10,2015,TJ,130642,Gross,144,18812448,332150
,10,2015,UG,73334,Gross,144,10560096,283803
,10,2015,US,950000,Gross,144,136800000,3704525
,10,2015,ZM,173850,Gross,144,25034400,678015
,10,2015,ZW,1,Each,1,1, - 
,10,2015,ZW,12495,Gross,144,1799280,8895
,11,2015,AF,13920,Cycles,1,13920,4176
,11,2015,AO,110001,Cycles,1,110001,33000
,11,2015,AL,15000,Cycles,1,15000,4500
,11,2015,BI,111108,Cycles,1,111108,33332
,11,2015,BJ,93000,Cycles,1,93000,27900
,11,2015,BF,5001,Cycles,1,5001,1500
,11,2015,CF,21440,Cycles,1,21440,8698
,11,2015,CM,29079,Cycles,1,29079,8724
,11,2015,CD,504324,Cycles,1,504324,151297
,11,2015,DJ,20000,Cycles,1,20000,6000
,11,2015,DO,28002,Cycles,1,28002,8401
,11,2015,EC,200001,Cycles,1,200001,60000
,11,2015,FJ,43875,Cycles,1,43875,13163
,11,2015,GN,80400,Cycles,1,80400,24120
,11,2015,GM,21600,Cycles,1,21600,6480
,11,2015,GW,28440,Cycles,1,28440,8532
,11,2015,HT,40218,Cycles,1,40218,12065
,11,2015,KE,26001,Cycles,1,26001,7800
,11,2015,KH,99999,Cycles,1,99999,30000
,11,2015,LB,29400,Cycles,1,29400,8820
,11,2015,LR,94878,Cycles,1,94878,28463
,11,2015,LS,6543,Cycles,1,6543,1963
,11,2015,ML,62776,Cycles,1,62776,19081
,11,2015,MR,84384,Cycles,1,84384,25315
,11,2015,NE,404262,Cycles,1,404262,121279
,11,2015,NG,791388,Cycles,1,791388,284291
,11,2015,PH,10000,Cycles,1,10000,4133
,11,2015,PG,2100,Cycles,1,2100,630
,11,2015,RW,98640,Cycles,1,98640,29592
,11,2015,SD,1786368,Cycles,1,1786368,714547
,11,2015,SN,116640,Cycles,1,116640,34992
,11,2015,SL,234000,Cycles,1,234000,70200
,11,2015,SO,82080,Cycles,1,82080,24624
,11,2015,SS,12300,Cycles,1,12300,3690
,11,2015,ST,500,Cycles,1,500,150
,11,2015,SC,9820,Cycles,1,9820,2946
,11,2015,TG,26572,Cycles,1,26572,10982
,11,2015,TZ,10199,Cycles,1,10199,3060
,11,2015,UG,58896,Cycles,1,58896,17669
,11,2015,YE,24400,Cycles,1,24400,7320
,11,2015,ZM,93765,Cycles,1,93765,28130
,12,2015,AF,1,Each,1,1,1265
,12,2015,AM,1,Each,1,1,495
,12,2015,AZ,1,Each,1,1,310
,12,2015,BI,1,Each,1,1,525
,12,2015,BA,1,Each,1,1,495
,12,2015,BZ,5,Each,1,5,1060
,12,2015,BT,2,Each,1,2,760
,12,2015,CI,5,Each,1,5,1330
,12,2015,CM,6,Each,1,6,5565
,12,2015,CD,92,Each,1,92,41710
,12,2015,CR,1,Lot,1,1,600
,12,2015,CU,2,Each,1,2,395
,12,2015,DJ,1,Each,1,1,400
,12,2015,ET,1,Each,1,1,1260
,12,2015,FJ,1,Each,1,1,450
,12,2015,GH,8,Each,1,8,3205
,12,2015,GN,1,Each,1,1,8710
,12,2015,GW,1,Each,1,1,450
,12,2015,GT,1,Each,1,1,525
,12,2015,HN,2,Each,1,2,640
,12,2015,KZ,1,Each,1,1,575
,12,2015,KE,2,Each,1,2,2095
,12,2015,KG,1,Each,1,1,290
,12,2015,KH,1,Each,1,1,300
,12,2015,KH,1,Lump Sum,1,1,495
,12,2015,XK,1,Each,1,1,310
,12,2015,LA,2,Each,1,2,2425
,12,2015,MV,1,Each,1,1,525
,12,2015,ML,2,Each,1,2,1410
,12,2015,MM,3,Each,1,3,2965
,12,2015,MN,1,Each,1,1,450
,12,2015,MZ,1,Each,1,1,263
,12,2015,MW,3,Each,1,3,8265
,12,2015,NG,6,Each,1,6,10475
,12,2015,PY,1,Each,1,1,495
,12,2015,SL,2,Each,1,2,1910
,12,2015,SV,2,Each,1,2,522
,12,2015,SS,1,Each,1,1,1380
,12,2015,TG,4,Each,1,4,5104
,12,2015,TJ,2,Each,1,2,3010
,12,2015,UG,2,Each,1,2,1290
,12,2015,UA,1,Each,1,1,670
,12,2015,US,5,Each,1,5,4009
,12,2015,US,1,Lump Sum,1,1,4350
,12,2015,ZM,5,Each,1,5,3990
,12,2015,ZW,1,Each,1,1,600
,13,2015,AF,11200,Set,1,11200,95200
,13,2015,BI,134500,Set,1,134500,1143250
,13,2015,BJ,218300,Set,1,218300,1855550
,13,2015,BF,299628,Set,1,299628,2543574
,13,2015,BS,700,Set,1,700,5950
,13,2015,BO,51100,Set,1,51100,434350
,13,2015,CF,500,Set,1,500,4250
,13,2015,CI,16640,Set,1,16640,136544
,13,2015,CM,77096,Set,1,77096,643892
,13,2015,CD,304892,Set,1,304892,2589950
,13,2015,CG,6200,Set,1,6200,52700
,13,2015,CO,300,Set,1,300,2550
,13,2015,KM,1008,Set,1,1008,8568
,13,2015,CR,624,Set,1,624,26966
,13,2015,CU,1500,Set,1,1500,12750
,13,2015,DJ,500,Set,1,500,4250
,13,2015,EC,83240,Set,1,83240,1175790
,13,2015,ET,1001632,Set,1,1001632,8438800
,13,2015,FJ,15000,Set,1,15000,127500
,13,2015,GB,197344,Set,1,197344,1762424
,13,2015,GH,192028,Set,1,192028,1614286
,13,2015,GN,45000,Set,1,45000,382500
,13,2015,GM,30272,Set,1,30272,255680
,13,2015,GW,57400,Set,1,57400,487900
,13,2015,HN,91648,Set,1,91648,777376
,13,2015,HT,9300,Set,1,9300,79050
,13,2015,JM,2800,Set,1,2800,23800
,13,2015,KE,413468,Set,1,413468,3426350
,13,2015,KH,9992,Set,1,9992,42500
,13,2015,LA,20768,Set,1,20768,170000
,13,2015,LR,33600,Set,1,33600,285600
,13,2015,LS,1500,Set,1,1500,12750
,13,2015,MG,47752,Set,1,47752,396100
,13,2015,MV,320,Set,1,320,2720
,13,2015,ML,196405,Set,1,196405,1664343
,13,2015,MM,122496,Set,1,122496,1041216
,13,2015,MZ,20000,Set,1,20000,170000
,13,2015,MR,18054,Set,1,18054,148563
,13,2015,MW,283756,Set,1,283756,2398870
,13,2015,NE,13700,Set,1,13700,116450
,13,2015,NG,584085,Set,1,584085,4905971
,13,2015,NP,91840,Set,1,91840,780640
,13,2015,PA,2258,Set,1,2258,125006
,13,2015,PH,2300,Set,1,2300,19550
,13,2015,PG,95800,Set,1,95800,814300
,13,2015,RW,28112,Set,1,28112,238952
,13,2015,SD,29568,Set,1,29568,251328
,13,2015,SN,57400,Set,1,57400,487900
,13,2015,SL,68500,Set,1,68500,582250
,13,2015,SV,1975,Set,1,1975,32588
,13,2015,SO,50576,Set,1,50576,425000
,13,2015,SS,51900,Set,1,51900,441150
,13,2015,TG,52368,Set,1,52368,438600
,13,2015,TJ,3500,Set,1,3500,29750
,13,2015,TL,12000,Set,1,12000,102000
,13,2015,TZ,447623,Set,1,447623,3804796
,13,2015,UY,10000,Set,1,10000,85000
,13,2015,VE,5100,Set,1,5100,43350
,13,2015,YE,14016,Set,1,14016,119136
,13,2015,ZA,2500,Set,1,2500,21250
,13,2015,ZM,358437,Set,1,358437,3033650
,13,2015,ZW,84000,Set,1,84000,714000
,14,2015,AM,1,Each,1,1,1020
,14,2015,AZ,1,Each,1,1,850
,14,2015,BI,1,Batch,1,1,395
,14,2015,BI,1,Each,1,1,630
,14,2015,BF,3,Each,1,3,14275
,14,2015,BA,1,Each,1,1,310
,14,2015,BT,2,Each,1,2,1325
,14,2015,CF,1,Each,1,1,2820
,14,2015,CM,3,Each,1,3,15048
,14,2015,CD,47,Each,1,47,11985
,14,2015,CG,1,Each,1,1,6315
,14,2015,CR,1,Lot,1,1,253
,14,2015,CU,3,Each,1,3,3215
,14,2015,FJ,1,Each,1,1,1265
,14,2015,GH,71,Each,1,71,33140
,14,2015,GN,1,Each,1,1,630
,14,2015,GW,2,Each,1,2,922
,14,2015,GT,1,Each,1,1,395
,14,2015,HN,24,Each,1,24,6065
,14,2015,KE,2,Each,1,2,3885
,14,2015,KG,1,Each,1,1,1561
,14,2015,KH,1,Each,1,1,2783
,14,2015,KH,1,Lump Sum,1,1,645
,14,2015,XK,1,Each,1,1,908
,14,2015,LA,2,Each,1,2,2270
,14,2015,LR,2,Each,1,2,3895
,14,2015,MV,1,Each,1,1,270
,14,2015,ML,1,Batch,1,1,355
,14,2015,ML,1,Each,1,1,3795
,14,2015,MM,6,Each,1,6,9030
,14,2015,MZ,3,Each,1,3,10640
,14,2015,MW,4,Each,1,4,36921
,14,2015,NG,4,Each,1,4,15049
,14,2015,PY,1,Each,1,1,1012
,14,2015,RW,11,Each,1,11,2895
,14,2015,SL,2,Each,1,2,5408
,14,2015,SO,1,Each,1,1,400
,14,2015,SS,1,Each,1,1,6072
,14,2015,TJ,2,Each,1,2,13145
,14,2015,UG,1,Each,1,1,1620
,14,2015,US,1,Each,1,1,1580
,14,2015,US,1,Lump Sum,1,1,12580
,14,2015,ZM,5,Each,1,5,15636
,16,2015,BF,960,Each,1,960,222003
,16,2015,BD,16,Each,1,16,6542
,16,2015,CF,7,Each,1,7,35629
,16,2015,CI,192,Each,1,192,118960
,16,2015,CM,92,Each,1,92,73409
,16,2015,CD,34,Each,1,34,4438
,16,2015,CR,4,Each,1,4,1812
,16,2015,DO,7,Each,1,7,1137
,16,2015,ER,10,Each,1,10,4980
,16,2015,FJ,1,Each,1,1,511
,16,2015,GH,15,Each,1,15,6240
,16,2015,GN,50,Each,1,50,47353
,16,2015,GM,43,Each,1,43,56815
,16,2015,GW,25,Each,1,25,6387
,16,2015,GQ,24,Each,1,24,44364
,16,2015,HN,23,Each,1,23,5730
,16,2015,HT,5,Each,1,5,746
,16,2015,IQ,10,Each,1,10,153134
,16,2015,KE,1039,Each,1,1039,954864
,16,2015,LR,36,Each,1,36,8811
,16,2015,MG,26,Each,1,26,3343
,16,2015,ML,37,Each,1,37,19223
,16,2015,MN,2,Each,1,2,713
,16,2015,MR,25,Each,1,25,14426
,16,2015,MW,122,Each,1,122,38229
,16,2015,NE,155,Each,1,155,37110
,16,2015,NG,60,Each,1,60,5850
,16,2015,PH,14,Each,1,14,1248
,16,2015,PY,18,Each,1,18,1649
,16,2015,SD,300,Each,1,300,105947
,16,2015,SN,914,Each,1,914,389109
,16,2015,SL,442,Each,1,442,188005
,16,2015,SS,77,Each,1,77,22317
,16,2015,TG,20,Each,1,20,17608
,16,2015,TJ,20,Each,1,20,12301
,16,2015,TJ,4,Kit,1,4,4429
,16,2015,TJ,4,Set,1,4,2972
,16,2015,TZ,409,Each,1,409,46919
,17,2015,BF,640,Each,1,640,82720
,17,2015,BS,7,Each,1,7,569
,17,2015,BZ,66,Each,1,66,9680
,17,2015,BZ,10,Pack 6,6,60,667
,17,2015,CI,110,Each,1,110,23115
,17,2015,CM,260,Each,1,260,67910
,17,2015,CD,140,Each,1,140,36583
,17,2015,CR,940,Each,1,940,52027
,17,2015,DO,11,Each,1,11,5697
,17,2015,EG,53,Each,1,53,9984
,17,2015,KZ,29,Each,1,29,5163
,17,2015,LA,240,Each,1,240,9126
,17,2015,LR,1600,Each,1,1600,83200
,17,2015,MG,12,Each,1,12,6660
,17,2015,ML,200,Each,1,200,11300
,17,2015,MR,56,Each,1,56,6710
,17,2015,MR,4,Pack 6,6,24,267
,17,2015,MR,4,Pack 8,8,32,560
,17,2015,MY,24,Each,1,24,1996
,17,2015,MY,7,Pack 6,6,42,467
,17,2015,MY,7,Pack 8,8,56,980
,17,2015,NG,230,Each,1,230,42440
,17,2015,NP,191,Each,1,191,15024
,17,2015,NP,4,Pack 6,6,24,267
,17,2015,PK,111,Each,1,111,18477
,17,2015,PK,20,Pack 6,6,120,1333
,17,2015,PA,11,Each,1,11,9940
,17,2015,PY,14,Each,1,14,16107
,17,2015,RW,180,Each,1,180,9914
,17,2015,SN,100,Each,1,100,45000
,17,2015,SS,25,Each,1,25,4900
,17,2015,TJ,13,Each,1,13,11402
,17,2015,US,56,Each,1,56,14723
,17,2015,ZW,248,Each,1,248,36112
,17,2015,ZW,24,Pack 8,8,192,3360
,18,2015,BF,239,Each,1,239,102461
,18,2015,BD,89,Each,1,89,59164
,18,2015,CF,22,Each,1,22,18817
,18,2015,CI,341,Each,1,341,63209
,18,2015,CM,599,Each,1,599,214723
,18,2015,CG,27,Each,1,27,17560
,18,2015,FJ,22,Each,1,22,6521
,18,2015,GH,13,Each,1,13,4867
,18,2015,GN,1036,Each,1,1036,373310
,18,2015,GM,40,Each,1,40,20200
,18,2015,GW,55,Each,1,55,5939
,18,2015,HN,215,Each,1,215,34251
,18,2015,HT,39,Each,1,39,5840
,18,2015,IQ,320,Each,1,320,118000
,18,2015,KE,1868,Each,1,1868,517425
,18,2015,LR,1578,Each,1,1578,83709
,18,2015,MG,59,Each,1,59,19440
,18,2015,ML,486,Each,1,486,256920
,18,2015,MN,19,Each,1,19,3489
,18,2015,MN,35,Pack 100,100,3500,88
,18,2015,MR,59,Each,1,59,14368
,18,2015,MW,36,Each,1,36,16783
,18,2015,NE,24,Each,1,24,59043
,18,2015,NP,160,Each,1,160,35734
,18,2015,PH,77,Each,1,77,16057
,18,2015,PY,9,Each,1,9,1833
,18,2015,PS,44,Each,1,44,10050
,18,2015,RW,23,Each,1,23,5126
,18,2015,SD,57,Each,1,57,23643
,18,2015,SN,77,Each,1,77,31813
,18,2015,SL,1830,Each,1,1830,485382
,18,2015,SS,110,Each,1,110,20706
,18,2015,ST,15,Each,1,15,4573
,18,2015,TG,205,Each,1,205,19912
,18,2015,TZ,92,Each,1,92,18080
,18,2015,ZW,249,Each,1,249,61981
,19,2015,BF,51,Lump Sum,1,51,7
,19,2015,CM,784,Lump Sum,1,784,0
,19,2015,ET,25000,Each,1,25000,58250
,19,2015,ET,5500,Kit,1,5500,12815
,19,2015,ET,1,Lump Sum,1,1,25500
,19,2015,GW,1,Each,1,1,197
,19,2015,KE,1,Lump Sum,1,1,750
,19,2015,LR,1680,Each,1,1680,4519
,19,2015,MG,2330,Lump Sum,1,2330,6268
,19,2015,ML,1,Lump Sum,1,1,5918
,19,2015,MR,2,Lump Sum,1,2,250
,19,2015,NP,6720,Each,1,6720,2822
,19,2015,SS,1,Lump Sum,1,1,25850
,20,2015,MG,40,Each,1,40,15164
,20,2015,ML,6,Each,1,6,5650
,20,2015,MN,3,Each,1,3,2390
,20,2015,MR,2,Each,1,2,3578
,20,2015,SD,500,Pack 100,100,50000,20600
,20,2015,ST,10,Bottle,1,10,56
,20,2015,ST,343,Each,1,343,46747
,20,2015,TG,5,Each,1,5,4600
,20,2015,US,10,Pack 200,200,2000,902
,20,2015,US,5,Set,1,5,3502
,21,2015,BI,12,Each,1,12,1743
,21,2015,BF,23,Each,1,23,21032
,21,2015,BS,50,Each,1,50,2500
,21,2015,CF,171,Each,1,171,450
,21,2015,CI,171,Each,1,171,15538
,21,2015,CI,6,Set,1,6,443
,21,2015,CM,1276,Each,1,1276,80059
,21,2015,CD,120,Each,1,120,336
,21,2015,CR,60,Each,1,60,2539
,21,2015,DO,10,Set,1,10,871
,21,2015,ER,317,Each,1,317,9004
,21,2015,FJ,2144,Each,1,2144,39533
,21,2015,GH,4,Each,1,4,16746
,21,2015,GN,20,Each,1,20,1000
,21,2015,GM,48,Each,1,48,33676
,21,2015,GW,78,Each,1,78,10044
,21,2015,GQ,450,Each,1,450,1257
,21,2015,HN,148,Each,1,148,5098
,21,2015,HT,11,Each,1,11,266
,21,2015,HT,3500,Pack,1,3500,315
,21,2015,IQ,1,Each,1,1,4383
,21,2015,KE,2672,Each,1,2672,101302
,21,2015,KE,2,Lot,1,2,2342
,21,2015,LR,1752,Each,1,1752,29525
,21,2015,MG,1416,Each,1,1416,63102
,21,2015,ML,263,Each,1,263,61803
,21,2015,MM,5,Each,1,5,57
,21,2015,MN,26,Each,1,26,384
,21,2015,MN,2,Set,1,2,723
,21,2015,MR,82,Each,1,82,34442
,21,2015,MW,469,Each,1,469,46655
,21,2015,NE,4,Each,1,4,22698
,21,2015,NG,10000,Each,1,10000,17500
,21,2015,NI,9,Each,1,9,103
,21,2015,PK,4,Each,1,4,3227
,21,2015,PH,85,Each,1,85,5109
,21,2015,PY,104,Each,1,104,1781
,21,2015,PY,18,Set,1,18,1329
,21,2015,PS,23,Each,1,23,77825
,21,2015,RW,74,Each,1,74,1403
,21,2015,SD,1795,Each,1,1795,25653
,21,2015,SN,1605,Each,1,1605,14061
,21,2015,SN,300,Set,1,300,26133
,21,2015,SL,588,Each,1,588,138034
,21,2015,SS,178,Each,1,178,7354
,21,2015,ST,60,Each,1,60,195
,21,2015,SY,7,Each,1,7,24137
,21,2015,TG,150,Each,1,150,15120
,21,2015,TZ,12,Each,1,12,1670
,21,2015,US,300,Each,1,300,1704
,21,2015,ZW,1810,Each,1,1810,27633
,22,2015,BI,10,Each,1,10,48
,22,2015,BJ,7980,Each,1,7980,15155
,22,2015,BJ,665,Pack 5,5,3325,12635
,22,2015,BJ,398,Set,1,398,352054
,22,2015,BF,71300,Each,1,71300,165105
,22,2015,BF,150,Pack 5,5,750,2850
,22,2015,BF,175,Set,1,175,41125
,22,2015,CF,31,Each,1,31,4609
,22,2015,CF,10,Set,1,10,306
,22,2015,CI,3298,Each,1,3298,15568
,22,2015,CI,200,Pack 5,5,1000,3800
,22,2015,CM,6699,Each,1,6699,35512
,22,2015,CM,75,Set,1,75,12375
,22,2015,CD,5670,Each,1,5670,11421
,22,2015,CD,110,Pack 5,5,550,2090
,22,2015,CD,22,Set,1,22,8896
,22,2015,KM,10300,Each,1,10300,836
,22,2015,KM,200,Pack 100,100,20000,682
,22,2015,DJ,53,Each,1,53,269
,22,2015,DJ,2,Pack 100,100,200,13
,22,2015,DJ,1,Set,1,1,165
,22,2015,FJ,5508,Each,1,5508,25084
,22,2015,GH,11200,Each,1,11200,24784
,22,2015,GH,10,Set,1,10,9106
,22,2015,GQ,300,Pack 100,100,30000,1782
,22,2015,GQ,2,Set,1,2,200
,22,2015,HN,506,Each,1,506,1980
,22,2015,HT,12,Each,1,12,49
,22,2015,KE,9853,Each,1,9853,31426
,22,2015,KE,270,Set,1,270,45787
,22,2015,LA,567,Each,1,567,1983
,22,2015,LA,189,Pack 100,100,18900,644
,22,2015,LR,37608,Each,1,37608,7992
,22,2015,MG,77776,Each,1,77776,10952
,22,2015,MG,647,Pack 100,100,64700,3076
,22,2015,MG,12,Set,1,12,2205
,22,2015,ML,9837,Each,1,9837,44274
,22,2015,ML,760,Pack 100,100,76000,3678
,22,2015,ML,65,Set,1,65,59190
,22,2015,MM,10480,Each,1,10480,16885
,22,2015,MR,1160,Each,1,1160,6934
,22,2015,MW,3984,Each,1,3984,24803
,22,2015,MW,56,Set of 16,1,56,3245
,22,2015,NE,9218,Each,1,9218,24791
,22,2015,NE,219,Pack 100,100,21900,748
,22,2015,NE,1000,Pack 5,5,5000,19000
,22,2015,NE,460,Set,1,460,43847
,22,2015,NP,40,Each,1,40,38490
,22,2015,PH,75,Each,1,75,1856
,22,2015,PY,1956,Each,1,1956,6672
,22,2015,PY,20,Set,1,20,3675
,22,2015,SD,1250,Each,1,1250,3803
,22,2015,SN,8165,Each,1,8165,48312
,22,2015,SN,205,Pack 5,5,1025,3895
,22,2015,SN,460,Set,1,460,237454
,22,2015,SL,7440,Each,1,7440,1795
,22,2015,SL,52,Set,1,52,47232
,22,2015,SS,1740,Each,1,1740,2366
,22,2015,SS,30,Pack 5,5,150,570
,22,2015,TG,55,Each,1,55,296
,22,2015,TZ,1200,Each,1,1200,2149
,22,2015,US,20,Each,1,20,106
,22,2015,ZW,47160,Each,1,47160,110305
,22,2015,ZW,1,Lot,1,1,630
,22,2015,ZW,500,Pack 100,100,50000,2420
,23,2015,CI,100,Each,1,100,38
,23,2015,CR,200,Each,1,200,550
,23,2015,FJ,150,Each,1,150,1916
,23,2015,FJ,75,Pack 12,12,900,1049
,23,2015,FJ,75,Pack 50,50,3750,296
,23,2015,GN,300,Each,1,300,2524
,23,2015,GW,500,Each,1,500,5048
,23,2015,GW,300,Pair,1,300,1744
,23,2015,KE,705,Each,1,705,2606
,23,2015,KE,120,Pair,1,120,1367
,23,2015,LR,3240,Each,1,3240,21026
,23,2015,MW,5500,Each,1,5500,19035
,23,2015,SS,500,Pack 100,100,50000,305
,23,2015,SS,45,Pair,1,45,798
,23,2015,US,20,Pack 50,50,1000,31
,23,2015,US,10,Pair,1,10,114
,24,2015,BI,0,Each,1,0,41278
,24,2015,BI,0,Lot,1,0,4772
,24,2015,BF,35,Each,1,35,58967
,24,2015,BD,16,Each,1,16,10848
,24,2015,CF,4,Each,1,4,1878
,24,2015,CM,167,Each,1,167,34730
,24,2015,CR,4,Each,1,4,407
,24,2015,DJ,2,Each,1,2,4034
,24,2015,FJ,2,Each,1,2,288
,24,2015,GN,20,Each,1,20,61240
,24,2015,GQ,10,Each,1,10,13810
,24,2015,HN,22,Each,1,22,3013
,24,2015,IN,27,Lump Sum,1,27,33750
,24,2015,IQ,30,Each,1,30,69570
,24,2015,KE,582,Each,1,582,109899
,24,2015,LR,25,Each,1,25,2546
,24,2015,MG,26,Each,1,26,5928
,24,2015,ML,40,Each,1,40,54524
,24,2015,MN,2,Each,1,2,861
,24,2015,MR,3,Each,1,3,2927
,24,2015,MW,73,Each,1,73,48509
,24,2015,NE,201,Each,1,201,21000
,24,2015,NG,2,Each,1,2,1741
,24,2015,PY,6,Each,1,6,900
,24,2015,PS,5,Each,1,5,13995
,24,2015,SD,16,Each,1,16,6440
,24,2015,SN,8,Each,1,8,28945
,24,2015,SL,90,Each,1,90,250140
,24,2015,SS,7,Each,1,7,7811
,24,2015,ST,3,Each,1,3,386
,24,2015,SY,3,Each,1,3,29214
,24,2015,TG,26,Each,1,26,24200
,24,2015,ZW,40,Each,1,40,15700
,25,2015,BF,1370,Each,1,1370,25991
,25,2015,CM,406,Each,1,406,115024
,25,2015,ER,5,Each,1,5,127
,25,2015,GN,7,Each,1,7,5270
,25,2015,KE,1162,Each,1,1162,174300
,25,2015,LB,40778,Kit,1,40778,8971
,25,2015,ML,255,Each,1,255,40620
,25,2015,ML,1,Kit,1,1,154
,25,2015,MW,156,Each,1,156,26623
,25,2015,NG,5080,Each,1,5080,130634
,25,2015,NG,5000,Lot,1,5000,111000
,25,2015,NP,4,Each,1,4,2560
,25,2015,PK,1500,Each,1,1500,8682
,25,2015,SS,336050,Each,1,336050,327261
,25,2015,ST,10,Each,1,10,3885
,25,2015,SY,63002,Each,1,63002,1030916
,25,2015,US,1,Each,1,1,1260
,25,2015,US,750,Kit,1,750,270494
,25,2015,YE,78800,Each,1,78800,1228520
,25,2015,ZW,7500,Each,1,7500,11250
,26,2015,CF,9,Each,1,9,3142
,26,2015,CM,45,Each,1,45,2130
,26,2015,CD,20,Each,1,20,10846
,26,2015,ER,10,Each,1,10,4327
,26,2015,FJ,102,Each,1,102,32625
,26,2015,HN,17,Each,1,17,1428
,26,2015,HT,5,Each,1,5,183
,26,2015,KE,781,Each,1,781,17697
,26,2015,MG,6,Each,1,6,1988
,26,2015,MN,4,Each,1,4,118
,26,2015,MR,1,Each,1,1,108
,26,2015,MW,112,Each,1,112,35071
,26,2015,NE,100,Each,1,100,54550
,26,2015,PH,7,Each,1,7,3796
,26,2015,SD,4,Each,1,4,2169
,26,2015,SN,6,Each,1,6,504
,26,2015,SL,116,Each,1,116,21375
,26,2015,SS,5,Each,1,5,539
,26,2015,ST,10,Each,1,10,888
,26,2015,TG,81,Each,1,81,12571
,26,2015,US,12,Each,1,12,1065
,26,2015,ZW,45,Each,1,45,15967
,27,2015,BJ,1,Each,1,1,630
,27,2015,BF,3003,Each,1,3003,14558
,27,2015,BD,2506,Each,1,2506,191007
,27,2015,CF,100,Pack 100,100,10000,1604
,27,2015,CI,7100,Each,1,7100,1440
,27,2015,CI,16,Pack 100,100,1600,119
,27,2015,CI,2000,Pack 150,150,300000,76
,27,2015,CM,32,Each,1,32,259
,27,2015,CD,1500,Pack 100,100,150000,4305
,27,2015,CD,300,Pack 12,12,3600,10
,27,2015,CD,200,Pack 36,36,7200,5611
,27,2015,CD,400,Pack 50,50,20000,19488
,27,2015,CD,7000,Pair,1,7000,6821
,27,2015,KM,60,Pack 100,100,6000,85
,27,2015,CU,519,Pack 100,100,51900,2709
,27,2015,DJ,1,Each,1,1,2
,27,2015,DJ,300,Pack 100,100,30000,1080
,27,2015,DO,10,Each,1,10,39
,27,2015,ER,5000,Each,1,5000,1100
,27,2015,ET,15000,Box,1,15000,64350
,27,2015,ET,15000,Each,1,15000,8400
,27,2015,ET,121500,Pack 10,10,1215000,259140
,27,2015,ET,106500,Pack 100,100,10650000,203765
,27,2015,ET,75500,Pack 20,20,1510000,85940
,27,2015,ET,30500,Pack 50,50,1525000,126880
,27,2015,FJ,114,Each,1,114,47333
,27,2015,FJ,1200,Pack 10,10,12000,3192
,27,2015,FJ,1010,Pack 100,100,101000,4303
,27,2015,FJ,301,Pair,1,301,340
,27,2015,GN,10000,Pack 100,100,1000000,42900
,27,2015,GN,3500,Pair,1,3500,5390
,27,2015,GM,2303,Each,1,2303,19315
,27,2015,GM,1020,Pack 100,100,102000,4086
,27,2015,GM,1800,Pack 50,50,90000,18000
,27,2015,GM,2000,Pair,1,2000,2400
,27,2015,GW,8500,Each,1,8500,3620
,27,2015,GW,105,Pack 10,10,1050,294
,27,2015,GW,420,Pack 100,100,42000,1403
,27,2015,GW,150,Pack 20,20,3000,258
,27,2015,GW,1200,Pack 50,50,60000,10452
,27,2015,GW,2000,Pair,1,2000,2160
,27,2015,GQ,2650,Each,1,2650,6182
,27,2015,GQ,1500,Pack 100,100,150000,3515
,27,2015,GQ,4500,Pack 12,12,54000,67500
,27,2015,GQ,2000,Pack 36,36,72000,23520
,27,2015,GQ,6030,Pack 50,50,301500,46575
,27,2015,HN,52,Each,1,52,64
,27,2015,KE,697,Each,1,697,105
,27,2015,LA,210,Each,1,210,5850
,27,2015,LB,4580,Pack 100,100,458000,5995
,27,2015,LB,2447,Pack 1000,1000,2447000,38276
,27,2015,LR,14860,Each,1,14860,4645
,27,2015,LR,3360,Pack 10,10,33600,8938
,27,2015,LR,5620,Pack 100,100,562000,16639
,27,2015,LR,300,Pack 12,12,3600,2385
,27,2015,LR,5040,Pack 20,20,100800,8669
,27,2015,LR,32500,Pair,1,32500,43530
,27,2015,LS,8,Each,1,8,52786
,27,2015,MG,100605,Each,1,100605,24413
,27,2015,MG,4881,Pack 10,10,48810,13137
,27,2015,MG,10702,Pack 100,100,1070200,27326
,27,2015,MG,517,Pack 12,12,6204,4596
,27,2015,MG,7022,Pack 20,20,140440,12183
,27,2015,MG,29,Pack 25,25,725,458
,27,2015,MG,50,Pack 36,36,1800,1498
,27,2015,MG,5539,Pack 50,50,276950,43911
,27,2015,MG,14,Pack 60,60,840,655
,27,2015,MG,52,Pack 80,80,4160,346
,27,2015,MG,95100,Pair,1,95100,29738
,27,2015,MG,3260,Set,1,3260,685
,27,2015,ML,1010,Each,1,1010,566
,27,2015,ML,2020,Pack 10,10,20200,5373
,27,2015,ML,2020,Pack 100,100,202000,5464
,27,2015,ML,3030,Pack 20,20,60600,5212
,27,2015,MM,4800,Kit,1,4800,70992
,27,2015,MM,160,Pack 100,100,16000,513
,27,2015,MM,19,Pack 25,25,475,463
,27,2015,MW,1000,Pair,1,1000,920
,27,2015,NG,6000,Each,1,6000,133200
,27,2015,NG,9000,Lot,1,9000,199800
,27,2015,NG,21000,Pack 10,10,210000,58800
,27,2015,NG,22000,Pack 100,100,2200000,61300
,27,2015,NG,10000,Pack 20,20,200000,2800
,27,2015,NG,4000,Pack 50,50,200000,41600
,27,2015,NI,500,Each,1,500,245
,27,2015,NI,40,Pack 50,50,2000,302
,27,2015,PH,1010,Each,1,1010,54872
,27,2015,PH,505,Pack,1,505,1515
,27,2015,PH,20,Pack 100,100,2000,57
,27,2015,PH,20,Roll,1,20,6
,27,2015,RW,15,Each,1,15,79
,27,2015,RW,200,Pack 100,100,20000,900
,27,2015,RW,200,Pack 50,50,10000,1900
,27,2015,SD,2501,Each,1,2501,2100
,27,2015,SD,250,Pack 50,50,12500,3850
,27,2015,SN,903,Each,1,903,420
,27,2015,SN,210,Pair,1,210,323
,27,2015,SL,401,Each,1,401,155697
,27,2015,SL,104,Pack 100,100,10400,1952
,27,2015,SL,115,Pack 25,25,2875,2616
,27,2015,SL,1122,Pack 50,50,56100,50384
,27,2015,SL,25084,Set,1,25084,43028
,27,2015,SS,50,Box,1,50,563
,27,2015,SS,5165,Each,1,5165,23748
,27,2015,SS,700,Pack 100,100,70000,2151
,27,2015,SS,400,Pack 12,12,4800,1984
,27,2015,SS,35,Pack 50,50,1750,333
,27,2015,SS,5000,Set,1,5000,1000
,27,2015,ST,4000,Each,1,4000,320
,27,2015,ST,4000,Set,1,4000,560
,27,2015,SY,1000,Each,1,1000,2911
,27,2015,TG,400,Each,1,400,2751
,27,2015,TG,300,Pack 100,100,30000,861
,27,2015,TZ,92901,Each,1,92901,70586
,27,2015,US,450,Pack 100,100,45000,5558
,27,2015,ZW,1,Each,1,1,630
,27,2015,ZW,7888,Pack 100,100,788800,51968
,27,2015,ZW,4700,Pack 50,50,235000,40354
,27,2015,ZW,800,Set,1,800,152
,28,2015,BF,8000,Each,1,8000,55300
,28,2015,CF,79,Each,1,79,245
,28,2015,CI,200,Each,1,200,2126
,28,2015,CM,77,Each,1,77,454
,28,2015,CG,20,Each,1,20,54
,28,2015,KM,200,Each,1,200,920
,28,2015,CR,18,Each,1,18,12
,28,2015,DO,8,Each,1,8,1564
,28,2015,FJ,2719,Each,1,2719,21827
,28,2015,GN,20,Each,1,20,295
,28,2015,GW,50,Each,1,50,150
,28,2015,HN,123,Each,1,123,993
,28,2015,HT,35,Each,1,35,62
,28,2015,KE,2057,Each,1,2057,9880
,28,2015,LR,379,Each,1,379,3038
,28,2015,MG,870,Each,1,870,3156
,28,2015,ML,2150,Each,1,2150,8622
,28,2015,MR,159,Each,1,159,741
,28,2015,MW,1824,Each,1,1824,12028
,28,2015,NE,218,Each,1,218,1585
,28,2015,PY,12,Each,1,12,765
,28,2015,SD,500,Each,1,500,1380
,28,2015,SN,209,Each,1,209,1802
,28,2015,SL,465,Each,1,465,3660
,28,2015,SS,69,Each,1,69,275
,28,2015,TG,232,Each,1,232,5455
,28,2015,US,20,Each,1,20,341
,28,2015,ZW,8789,Each,1,8789,29566
,29,2015,GQ,2400,Each,1,2400,29207
,29,2015,LB,125,Each,1,125,8075
,29,2015,PY,40,Each,1,40,3154
,29,2015,SV,91,Box,1,91,2912
,29,2015,US,233,Each,1,233,11068
,29,2015,ZW,270,Each,1,270,95175
,30,2015,CI,1000,Each,1,1000,80000
,30,2015,GN,160,Kit,1,160,79712
,30,2015,KE,106,Kit,1,106,55703
,30,2015,ML,542,Kit,1,542,275715
,30,2015,MM,572,Kit,1,572,1
,30,2015,NG,402,Kit,1,402,192735
,30,2015,US,17535,Kit,1,17535,10404943
,31,2015,BI,1,Lot,1,1,630
,31,2015,BF,10,Each,1,10,5770
,31,2015,BD,4,Each,1,4,2270
,31,2015,BS,1,Each,1,1,350
,31,2015,CI,1,Each,1,1,670
,31,2015,CM,7,Each,1,7,4440
,31,2015,CG,1,Each,1,1,470
,31,2015,KM,2,Each,1,2,1300
,31,2015,ER,2,Each,1,2,980
,31,2015,ET,3,Each,1,3,1930
,31,2015,GH,2,Each,1,2,1300
,31,2015,GN,1,Each,1,1,400
,31,2015,GW,6,Each,1,6,3350
,31,2015,GQ,4,Each,1,4,2120
,31,2015,HN,2,Each,1,2,1610
,31,2015,IN,1,Lump Sum,1,1,320
,31,2015,KE,3,Each,1,3,3002
,31,2015,LA,2,Each,1,2,1020
,31,2015,LR,83,Each,1,83,6505
,31,2015,MG,10,Each,1,10,6290
,31,2015,ML,6,Each,1,6,3220
,31,2015,MM,2,Each,1,2,1200
,31,2015,MN,3,Each,1,3,2000
,31,2015,MR,5,Each,1,5,3070
,31,2015,MW,8,Each,1,8,4400
,31,2015,NE,3,Each,1,3,1620
,31,2015,NG,1,Each,1,1,630
,31,2015,PH,1,Each,1,1,470
,31,2015,PY,4,Each,1,4,2270
,31,2015,SD,11,Each,1,11,5810
,31,2015,SN,5,Each,1,5,2870
,31,2015,SL,12,Each,1,12,8280
,31,2015,SS,4,Each,1,4,3330
,31,2015,ST,1,Each,1,1,630
,31,2015,SY,1,Each,1,1,630
,31,2015,TZ,1,Each,1,1,670
,31,2015,TZ,1,Lump Sum,1,1,470
,31,2015,US,4,Each,1,4,2570
,31,2015,UZ,1,Each,1,1,670
,31,2015,ZW,12,Each,1,12,6470
,33,2015,BI,9440,Pack 10,10,94400,28320
,33,2015,ET,45500,Pack 4,4,182000,80535
,33,2015,GN,200,Pack 25,25,5000,4828
,33,2015,GW,500,Each,1,500,7525
,33,2015,GW,120,Pack 25,25,3000,3000
,33,2015,GW,50,Pack 4,4,200,89
,33,2015,GQ,100,Each,1,100,1505
,33,2015,GQ,50,Pack 10,10,500,592
,33,2015,JO,1,Pack 25,25,25,23
,33,2015,LR,105,Pack 20,20,2100,735
,33,2015,LR,205,Pack 25,25,5125,4949
,33,2015,LR,1680,Pack 4,4,6720,2974
,33,2015,MG,482,Each,1,482,7254
,33,2015,MG,43,Pack 20,20,860,445
,33,2015,MG,4,Pack 25,25,100,97
,33,2015,MG,2330,Pack 4,4,9320,4124
,33,2015,ML,1010,Pack 4,4,4040,1788
,33,2015,MR,8,Each,1,8,1630
,33,2015,NE,860,Pack 20,20,17200,7981
,33,2015,NG,6,Pack 20,20,120,63
,33,2015,NG,10000,Pack 4,4,40000,17700
,33,2015,SS,150,Each,1,150,2258
,33,2015,SS,200,Pack 20,20,4000,1666
,33,2015,SS,60,Pack 25,25,1500,1448
,33,2015,UA,160,Pack 25,25,4000,3200
,33,2015,ZW,500,Pack 20,20,10000,4640
,34,2015,BI,500,Pack 500,500,250000,3080
,34,2015,KM,100,Pack 500,500,50000,616
,34,2015,GN,200,Pack 1000,1000,200000,2400
,34,2015,GW,20000,Each,1,20000,9240
,34,2015,LR,330,Pack 500,500,165000,2033
,34,2015,PH,500,Bottle,1,500,237
,34,2015,PH,120,Box,1,120,87
,34,2015,PH,108,Pack,1,108,2587
,35,2015,PH,1,Box,1,1,2
,36,2015,KM,500,Pack 1000,1000,500000,1290
,36,2015,ER,3000,Pack 1000,1000,3000000,7230
,36,2015,FJ,50,Pack 1000,1000,50000,105
,36,2015,GW,7500,Each,1,7500,5775
,36,2015,GQ,300,Pack 1000,1000,300000,789
,36,2015,HT,7000,Pack 1000,1000,7000000,15330
,36,2015,JO,1377,Pack 1000,1000,1377000,2318
,36,2015,LB,20000,Pack 1000,1000,20000000,73860
,36,2015,LR,700,Pack 1000,1000,700000,1741
,36,2015,MG,55,Pack 1000,1000,55000,273
,36,2015,MM,540,Pack 1000,1000,540000,1447
,36,2015,PH,600,Box,1,600,13290
,36,2015,SS,450,Pack 1000,1000,450000,1176
,36,2015,ST,500,Pack 1000,1000,500000,1050
,36,2015,SY,14000,Pack 1000,1000,14000000,30660
,37,2015,BI,64,Pack 100,100,6400,1536
,37,2015,BI,150,Pack 40,40,6000,5186
,37,2015,ER,1000,Pack 50,50,50000,6500
,37,2015,GH,1500,Pack 10,10,15000,16500
,37,2015,GN,1500,Pack 10,10,15000,2025
,37,2015,GN,15,Pack 100,100,1500,330
,37,2015,GN,200,Pack 1000,1000,200000,6642
,37,2015,GN,900,Pack 50,50,45000,8686
,37,2015,GM,320,Pack 100,100,32000,3766
,37,2015,GM,75,Pack 1000,1000,75000,2625
,37,2015,GW,200,Pack 100,100,20000,2414
,37,2015,GW,850,Pack 50,50,42500,7668
,37,2015,GQ,930,Pack 100,100,93000,8477
,37,2015,GQ,230,Pack 1000,1000,230000,6586
,37,2015,GQ,800,Pack 40,40,32000,27656
,37,2015,GQ,380,Pack 50,50,19000,2472
,37,2015,JO,3,Pack 1000,1000,3000,44
,37,2015,JO,50,Pack 50,50,2500,1113
,37,2015,LB,350,Pack,1,350,316
,37,2015,LB,350,Pack 100,100,35000,8400
,37,2015,LB,299,Pack 1000,1000,299000,3166
,37,2015,LR,93890,Each,1,93890,75564
,37,2015,LR,2700,Pack 10,10,27000,3645
,37,2015,LR,1265,Pack 1000,1000,1265000,30808
,37,2015,LR,613,Pack 25,25,15325,2759
,37,2015,LR,250,Pack 50,50,12500,2000
,37,2015,MG,1600,Pack 10,10,16000,2160
,37,2015,MG,787,Pack 100,100,78700,9499
,37,2015,MG,16677,Pack 50,50,833850,125411
,37,2015,MM,10,Pack 100,100,1000,170
,37,2015,MM,36,Pack 1000,1000,36000,1077
,37,2015,MM,24,Pack 50,50,1200,171
,37,2015,NE,3600,Pack 50,50,180000,26712
,37,2015,NP,700,Each,1,700,11025
,37,2015,PH,1700,Bottle,1,1700,2135
,37,2015,PH,716,Pack,1,716,1349
,37,2015,PH,200,Tube,1,200,1640
,37,2015,SS,500,Pack 10,10,5000,675
,37,2015,SS,600,Pack 100,100,60000,13207
,37,2015,SS,250,Pack 1000,1000,250000,6324
,37,2015,SS,200,Pack 50,50,10000,1647
,37,2015,SY,7640,Each,1,7640,120330
,37,2015,SY,28000,Pack 10,10,280000,37800
,37,2015,SY,41667,Pack 6,6,250002,23750
,37,2015,TZ,19,Pack 100,100,1900,323
,37,2015,UA,1000,Pack 10,10,10000,4000
,37,2015,UA,20,Pack 1000,1000,20000,630
,37,2015,UA,2000,Pack 4,4,8000,1500
,37,2015,UA,250,Pack 50,50,12500,1739
,37,2015,YE,5130,Pack 100,100,513000,112860
,37,2015,YE,18057,Pack 50,50,902850,144456
,38,2015,BI,60,Pack 100,100,6000,810
,38,2015,CR,11,Each,1,11,2139
,38,2015,CR,10,Pack 100,100,1000,135
,38,2015,GW,4650,Each,1,4650,4770
,38,2015,LB,1025,Pack 100,100,102500,9090
,38,2015,SY,2400,Pack 100,100,240000,32400
,39,2015,GN,30,Pack 1000,1000,30000,1005
,39,2015,GQ,20,Pack 1000,1000,20000,670
,40,2015,PH,100,Tube,1,100,185
,40,2015,UA,1000,Pack,1,1000,1210
,41,2015,SO,1,Lump Sum,1,1,1699
,41,2015,SO,1,Pack 600,600,600,37754
,41,2015,SS,1500,Each,1,1500,15750
,41,2015,SS,20,Pack 1000,1000,20000,1200
,42,2015,CR,10,Each,1,10,70
,42,2015,GQ,50,Pack 1000,1000,50000,350
,42,2015,LB,57,Pack 1000,1000,57000,399
,42,2015,LR,550,Pack 1000,1000,550000,3850
,42,2015,PH,50,Box,1,50,433
,42,2015,SS,300,Pack 1000,1000,300000,2100
,42,2015,SY,250,Pack 1000,1000,250000,1750
,43,2015,GN,1000,Bottle,1,1000,4000
,43,2015,GW,1200,Each,1,1200,2317
,43,2015,MG,756,Bottle,1,756,2676
,43,2015,NE,3200,Bottle,1,3200,11712
,43,2015,PH,200,Bottle,1,200,876
,43,2015,SS,400,Bottle,1,400,1416
,43,2015,YE,184375,Bottle,1,184375,737500
,44,2015,ER,2000,Pack 5,5,10000,45000
,44,2015,GN,100,Pack 5,5,500,2250
,44,2015,GM,100,Pack 5,5,500,2250
,44,2015,GW,200,Pack 5,5,1000,4500
,44,2015,GQ,200,Pack 5,5,1000,4500
,44,2015,GQ,100,Pack 500,500,50000,7250
,44,2015,LR,175,Pack 5,5,875,4029
,44,2015,MM,40,Pack 5,5,200,900
,44,2015,MM,40,Pack 500,500,20000,2900
,44,2015,NI,500,Pack 5,5,2500,11510
,44,2015,PH,30,Box,1,30,108
,44,2015,PH,74,Pack,1,74,59
,44,2015,SS,20,Pack 1000,1000,20000,1450
,44,2015,SS,300,Pack 5,5,1500,6750
,44,2015,YE,3230,Pack 5,5,16150,72675
,45,2015,BJ,5000,Pack 100,100,500000,240100
,45,2015,BS,10000,Each,1,10000,900
,45,2015,CF,100,Each,1,100,2873
,45,2015,CF,300,Pack 100,100,30000,10208
,45,2015,CM,4000,Pack 25,25,100000,82000
,45,2015,KM,240,Pack 100,100,24000,11525
,45,2015,FJ,1000,Each,1,1000,90
,45,2015,GN,800,Pack 25,25,20000,16400
,45,2015,GN,167,Pack 30,30,5010,2756
,45,2015,GM,1000,Pack 100,100,100000,135000
,45,2015,GM,1000,Pack 25,25,25000,20500
,45,2015,KE,3200,Pack 25,25,80000,65600
,45,2015,MG,16000,Pack 100,100,1600000,768320
,45,2015,MR,1,Each,1,1,244
,45,2015,SO,900,Pack 100,100,90000,63468
,45,2015,SO,2250,Pack 20,20,45000,49500
,45,2015,SS,2100,Pack 100,100,210000,12684
,45,2015,SS,1000,Pack 25,25,25000,20500
,45,2015,SS,3000,Pack 30,30,90000,49500
,45,2015,ST,120,Each,1,120,4200
,45,2015,ST,205,Pack 100,100,20500,18850
,45,2015,ST,266,Pack 30,30,7980,4389
,45,2015,SY,90000,Each,1,90000,10800
,45,2015,TG,400,Pack 100,100,40000,28208
,45,2015,UA,1620,Gross,144,233280,4860
,45,2015,ZW,7500,Pack 30,30,225000,123750
,46,2015,PH,20,Box,1,20,479
,47,2015,ER,19500,Bottle,1,19500,8775
,47,2015,GN,5100,Bottle,1,5100,10320
,47,2015,GM,30000,Bottle,1,30000,13500
,47,2015,GW,9800,Bottle,1,9800,8175
,47,2015,GQ,1850,Pack 20,20,37000,22881
,47,2015,LR,300,Bottle,1,300,285
,47,2015,MG,186813,Bottle,1,186813,111125
,47,2015,MM,400,Bottle,1,400,330
,47,2015,NE,35000,Bottle,1,35000,15750
,47,2015,SS,5100,Bottle,1,5100,3750
,47,2015,YE,276376,Bottle,1,276376,124369
,48,2015,BI,1960,Each,1,1960,12161
,48,2015,BI,500,Pack 10,10,5000,11000
,48,2015,BI,2000,Pack 20,20,40000,7980
,48,2015,BO,200,Pack 10,10,2000,4400
,48,2015,BO,250,Pack 20,20,5000,1213
,48,2015,CF,260,Pack 10,10,2600,2330
,48,2015,CI,250,Pack,1,250,998
,48,2015,CI,5000,Pack 10,10,50000,34000
,48,2015,CM,20,Pack 10,10,200,440
,48,2015,CG,20000,Pack 5,5,100000,160000
,48,2015,KM,100,Pack 10,10,1000,680
,48,2015,ER,1000,Pack 10,10,10000,8000
,48,2015,ER,100,Pack 20,20,2000,485
,48,2015,ER,1576,Vial,1,1576,63040
,48,2015,ET,110150,Pack 5,5,550750,881200
,48,2015,GH,2000,Pack 5,5,10000,16000
,48,2015,GN,550,Pack,1,550,2195
,48,2015,GN,250,Pack 10,10,2500,1900
,48,2015,GN,15,Pack 20,20,300,60
,48,2015,GN,1000,Pack 5,5,5000,8000
,48,2015,GN,2000,Pack 50,50,100000,4000
,48,2015,GM,150,Pack 10,10,1500,1500
,48,2015,GM,550,Pack 100,100,55000,11814
,48,2015,GM,10,Pack 20,20,200,42
,48,2015,GM,1200,Pack 5,5,6000,9600
,48,2015,GW,21310,Each,1,21310,26086
,48,2015,GW,2210,Pack,1,2210,4220
,48,2015,GW,800,Pack 10,10,8000,9231
,48,2015,GW,15,Pack 100,100,1500,212
,48,2015,GW,25,Pack 20,20,500,100
,48,2015,GW,120,Pack 90,90,10800,1500
,48,2015,GQ,23480,Each,1,23480,77994
,48,2015,GQ,1500,Pack 10,10,15000,15465
,48,2015,GQ,100,Pack 100,100,10000,2148
,48,2015,GQ,250,Pack 20,20,5000,1055
,48,2015,GQ,800,Vial,1,800,32000
,48,2015,HT,10000,Pack 5,5,50000,80000
,48,2015,KE,400,Pack 10,10,4000,4430
,48,2015,KE,50,Pack 20,20,1000,243
,48,2015,LR,5000,Each,1,5000,2215
,48,2015,LR,652,Pack 10,10,6520,14344
,48,2015,LR,6,Pack 20,20,120,29
,48,2015,MG,13050,Bottle,1,13050,16435
,48,2015,MG,1285,Box,1,1285,8327
,48,2015,MG,11809,Each,1,11809,90662
,48,2015,MG,1889,Pack 10,10,18890,25980
,48,2015,MG,4,Pack 1000,1000,4000,63
,48,2015,MG,336,Pack 20,20,6720,1341
,48,2015,MM,1201,Each,1,1201,3017
,48,2015,MM,12020,Pack 10,10,120200,264440
,48,2015,MM,1560,Pack 100,100,156000,5982
,48,2015,MM,15,Pack 1000,1000,15000,141
,48,2015,MM,5,Pack 20,20,100,24
,48,2015,MM,120,Pack 30,30,3600,90
,48,2015,MM,500,Pack 4,4,2000,925
,48,2015,MM,4800,Pack 50,50,240000,5040
,48,2015,MM,100,Pack 6,6,600,645
,48,2015,MM,10,Pack 60,60,600,117
,48,2015,NE,5000,Pack 10,10,50000,40000
,48,2015,NE,2500,Pack 50,50,125000,160900
,48,2015,NG,10000,Pack 10,10,100000,80000
,48,2015,NG,250,Pack 20,20,5000,1213
,48,2015,NI,1,Each,1,1,630
,48,2015,NI,175,Pack 20,20,3500,698
,48,2015,PA,1112,Each,1,1112,13900
,48,2015,PH,20,Box,1,20,364
,48,2015,PH,1,Pack,1,1,60
,48,2015,KP,6125,Pack 10,10,61250,134750
,48,2015,SD,59663,Pack 10,10,596630,477304
,48,2015,SL,1600,Pack 5,5,8000,12800
,48,2015,SO,10000,Pack 10,10,100000,68000
,48,2015,SO,1850,Pack 20,20,37000,7382
,48,2015,SS,620,Pack 10,10,6200,5650
,48,2015,SS,1100,Pack 20,20,22000,4412
,48,2015,SS,1000,Pack 5,5,5000,8000
,48,2015,SS,250,Pack 50,50,12500,668
,48,2015,SY,751,Each,1,751,20625
,48,2015,SY,450,Pack 100,100,45000,1785
,48,2015,SY,5065,Pack 1000,1000,5065000,76215
,48,2015,TG,4000,Pack 10,10,40000,38600
,48,2015,TG,1000,Pack 20,20,20000,3990
,48,2015,TL,2600,Pack 5,5,13000,20800
,48,2015,TZ,2054,Pack 10,10,20540,25675
,48,2015,US,500,Pack 20,20,10000,1995
,48,2015,US,500,Pack 50,50,25000,32180
,48,2015,YE,32000,Pack 10,10,320000,704000
,48,2015,YE,3614,Pack 20,20,72280,17528
,48,2015,YE,38233,Pack 5,5,191165,305864
,48,2015,ZW,3000,Each,1,3000,43500
,48,2015,ZW,7500,Pack 10,10,75000,93750
,48,2015,ZW,3500,Pack 20,20,70000,13965
,49,2015,BI,15000,Pack 10,10,150000,41250
,49,2015,BI,1800,Pack 4,4,7200,810
,49,2015,BO,500,Pack 10,10,5000,1375
,49,2015,BO,20000,Pack 4,4,80000,9000
,49,2015,CF,733,Pack 10,10,7330,2016
,49,2015,CF,593,Pack 4,4,2372,267
,49,2015,CI,500,Pack 100,100,50000,10000
,49,2015,CM,2002,Pack 10,10,20020,5506
,49,2015,CG,2500,Pack 10,10,25000,5000
,49,2015,KM,100,Pack 100,100,10000,2000
,49,2015,ER,200,Pack 10,10,2000,550
,49,2015,ET,195150,Pack 10,10,1951500,522026
,49,2015,GH,4024,Pack 10,10,40240,8048
,49,2015,GH,250,Pack 100,100,25000,2750
,49,2015,GN,310,Pack 10,10,3100,770
,49,2015,GN,490,Pack 4,4,1960,221
,49,2015,GM,500,Pack 10,10,5000,1000
,49,2015,GM,2500,Pack 100,100,250000,27500
,49,2015,GM,1000,Pack 4,4,4000,450
,49,2015,GW,2200,Pack 10,10,22000,5623
,49,2015,GW,2000,Tablet,1,2000,16000
,49,2015,GQ,5000,Pack 10,10,50000,10600
,49,2015,GQ,2500,Pack 4,4,10000,1125
,49,2015,HT,2000,Pack 4,4,8000,900
,49,2015,JO,20,Pack 100,100,2000,220
,49,2015,KE,3000,Pack 10,10,30000,6360
,49,2015,LB,365,Pack 10,10,3650,1004
,49,2015,LR,124302,Pack 10,10,1243020,341831
,49,2015,LR,66913,Pack 4,4,267652,66913
,49,2015,MG,5303,Pack 10,10,53030,14583
,49,2015,MG,104623,Pack 4,4,418492,121363
,49,2015,ML,10,Pack 10,10,100,21
,49,2015,ML,480,Pack 4,4,1920,216
,49,2015,MM,20,Pack 10,10,200,55
,49,2015,NE,4000,Pack 10,10,40000,8480
,49,2015,NE,1600,Pack 100,100,160000,32000
,49,2015,NG,30000,Pack 10,10,300000,82500
,49,2015,NG,56667,Pack 3,3,170001,49300
,49,2015,NP,2155,Pack 100,100,215500,43100
,49,2015,PG,15220,Pack 10,10,152200,32266
,49,2015,KP,3500,Pack 100,100,350000,70000
,49,2015,RW,13762,Pack 3,3,41286,11973
,49,2015,SD,100000,Each,1,100000,45000
,49,2015,SD,109940,Pack 10,10,1099400,233073
,49,2015,SL,20000,Pack 10,10,200000,40000
,49,2015,SL,3750,Pack 4,4,15000,15000
,49,2015,SV,2625,Pack 4,4,10500,1181
,49,2015,SO,20000,Pack 10,10,200000,42400
,49,2015,SO,20000,Pack 4,4,80000,9000
,49,2015,SS,300,Pack 10,10,3000,788
,49,2015,SS,340,Pack 60,60,20400,9860
,49,2015,ST,2500,Pack 4,4,10000,1125
,49,2015,TG,1500,Pack 10,10,15000,3180
,49,2015,TG,3750,Pack 4,4,15000,1688
,49,2015,TL,2900,Pack 10,10,29000,5800
,49,2015,TZ,14186,Pack 10,10,141860,30038
,49,2015,TZ,10582,Pack 4,4,42328,4762
,49,2015,TZ,280,Pack 60,60,16800,8120
,49,2015,UG,40000,Pack 4,4,160000,18000
,49,2015,US,16000,Pack 10,10,160000,33920
,49,2015,US,20000,Pack 4,4,80000,11800
,49,2015,US,15000,Pack 60,60,900000,432500
,49,2015,YE,10000,Pack 10,10,100000,20000
,49,2015,YE,2792,Pack 100,100,279200,55840
,49,2015,ZM,200000,Pack 4,4,800000,90000
,49,2015,ZW,5500,Pack 10,10,55000,11660
,49,2015,ZW,1500,Pack 4,4,6000,675
,50,2015,PH,800,Bottle,1,800,997
,51,2015,BF,3,Each,1,3,1960
,51,2015,CF,1,Each,1,1,630
,51,2015,ER,1,Each,1,1,630
,51,2015,ER,1,Vial,1,1,630
,51,2015,ET,1,Each,1,1,630
,51,2015,FJ,1,Each,1,1,630
,51,2015,GM,4,Each,1,4,5650
,51,2015,GQ,1,Each,1,1,5213
,51,2015,HT,1,Each,1,1,320
,51,2015,KE,4,Each,1,4,2725
,51,2015,LB,2,Each,1,2,1270
,51,2015,LR,4,Each,1,4,2330
,51,2015,MG,4,Each,1,4,2240
,51,2015,NE,1,Each,1,1,630
,51,2015,NG,3,Each,1,3,2792
,51,2015,NP,1,Each,1,1,1400
,51,2015,SO,1,Each,1,1,630
,51,2015,SS,3,Each,1,3,1890
,51,2015,SY,2,Each,1,2,1590
,51,2015,TG,2,Each,1,2,1260
,51,2015,TZ,3,Each,1,3,1730
,51,2015,UA,1,Each,1,1,630
,51,2015,US,8,Each,1,8,11951
,51,2015,YE,1,Each,1,1,1400
,51,2015,ZW,2,Each,1,2,1800
,52,2015,LB,560,Pack 1000,1000,560000,15120
,52,2015,MG,7200,Pack 10,10,72000,71122
,52,2015,PH,316,Box,1,316,3841
,52,2015,PH,358,Pack,1,358,1343
